airline,airline_id,source_airport,source_airport_id,dest_airport,dest_airport_id,stops,equipment
2O,146.0,AOS,7167.0,KZB,7176.0,0,BNI
2O,146.0,KKB,7168.0,SYB,7173.0,0,BNI
2O,146.0,KOZ,7164.0,ORI,7165.0,0,BNI
2O,146.0,SYB,7173.0,KPR,7172.0,0,BNI
2P,897.0,CGY,2400.0,MNL,2397.0,0,320
3F,16262.0,CGA,7144.0,HYL,7145.0,0,DHP
3F,16262.0,CGA,7144.0,KTN,3808.0,0,DHP
3F,16262.0,HYL,7145.0,CGA,7144.0,0,DHP
3F,16262.0,HYL,7145.0,KTB,7147.0,0,DHP
3F,16262.0,HYL,7145.0,KTN,3808.0,0,DHP
3F,16262.0,KTB,7147.0,HYL,7145.0,0,DHP
3F,16262.0,KTB,7147.0,KTN,3808.0,0,DHP
3F,16262.0,MTM,7146.0,KTN,3808.0,0,DHP
3U,4608.0,JIQ,8781.0,CTU,3395.0,0,320
3U,4608.0,NTG,5475.0,WUH,3376.0,0,319
3U,4608.0,PZI,6435.0,CKG,3393.0,0,319
3U,4608.0,PZI,6435.0,CTU,3395.0,0,319
3U,4608.0,TVS,8858.0,TYN,3369.0,0,319
4E,Unknown,TCT,7215.0,TLJ,3423.0,0,PAG
4Q,10758.0,ISB,2223.0,HEA,2048.0,0,319
4Q,10758.0,ISB,2223.0,KBL,2050.0,0,319
4W,Unknown,CXF,7119.0,AKP,6712.0,0,PA2
4W,Unknown,MNT,7110.0,FAI,3832.0,0,CN1
4W,Unknown,RMP,7112.0,FAI,3832.0,0,CN1
4W,Unknown,SVS,9741.0,FAI,3832.0,0,PA2
4W,Unknown,SVS,9741.0,WBQ,7115.0,0,PA2
4W,Unknown,TAL,7113.0,FAI,3832.0,0,PA2
4Y,1173.0,ATT,4385.0,KUK,7094.0,0,CNA
4Y,1173.0,GNU,8202.0,PTU,3430.0,0,CNA
4Y,1173.0,KKI,9742.0,AKI,7217.0,0,CNA
4Y,1173.0,NUP,7212.0,BET,3599.0,0,CNA
4Y,1173.0,PQS,7216.0,BET,3599.0,0,CNA
4Y,1173.0,TLT,7218.0,BET,3599.0,0,CNA
4Y,1173.0,TNK,8201.0,WWT,8203.0,0,CNA
4Y,1173.0,WTL,7099.0,KKH,7213.0,0,CNA
4Y,1173.0,WWT,8203.0,BET,3599.0,0,CNA
5C,1581.0,TNO,5844.0,LIR,1881.0,0,DHT
5C,1581.0,TNO,5844.0,SJO,1885.0,0,DHT
5J,1683.0,CGY,2400.0,BCD,2423.0,0,ATR
5J,1683.0,CGY,2400.0,CEB,4206.0,0,320 ATR 319
5J,1683.0,CGY,2400.0,DVO,4090.0,0,ATR
5J,1683.0,CGY,2400.0,ILO,2429.0,0,319
5J,1683.0,CGY,2400.0,MNL,2397.0,0,320 319
5Z,18946.0,ELL,8492.0,JNB,813.0,0,BEH
7H,16726.0,ATT,4385.0,BET,3599.0,0,CNA
7H,16726.0,CHU,7091.0,CKD,7238.0,0,CNA
7H,16726.0,CKD,7238.0,RDV,7239.0,0,CNA
7H,16726.0,CKD,7238.0,SLQ,7240.0,0,CNA
7H,16726.0,KGX,7219.0,ANV,6713.0,0,CNC
7H,16726.0,KGX,7219.0,SHX,7090.0,0,CNC
7H,16726.0,KKI,9742.0,AKI,7217.0,0,CNA
7H,16726.0,KKI,9742.0,KWT,7095.0,0,CNA
7H,16726.0,NUP,7212.0,ATT,4385.0,0,CNA
7H,16726.0,PHO,6721.0,OTZ,3693.0,0,CNC
7H,16726.0,PHO,6721.0,PIZ,3414.0,0,BE1
7H,16726.0,PQS,7216.0,BET,3599.0,0,CNA
7H,16726.0,PQS,7216.0,MOU,5966.0,0,CNA
7H,16726.0,RDV,7239.0,SLQ,7240.0,0,CNA
7H,16726.0,SRV,7241.0,ANI,5967.0,0,CNA
7H,16726.0,SXP,7200.0,AUK,7199.0,0,CNA
7H,16726.0,SXP,7200.0,KSM,6718.0,0,CNA
7H,16726.0,TLT,7218.0,AKI,7217.0,0,CNA
7H,16726.0,TLT,7218.0,BET,3599.0,0,CNA
7H,16726.0,TNK,8201.0,WWT,8203.0,0,CNC CNA
7H,16726.0,WBB,7193.0,KOT,7207.0,0,CNC
7H,16726.0,WBB,7193.0,OME,3615.0,0,CNC
7H,16726.0,WBB,7193.0,SMK,7191.0,0,CNC
7H,16726.0,WBB,7193.0,UNK,7088.0,0,CNA
7H,16726.0,WTL,7099.0,BET,3599.0,0,CNA
7H,16726.0,WWT,8203.0,BET,3599.0,0,CNA CNC
7P,1500.0,ACU,8204.0,PAC,1869.0,0,DHT
7P,1500.0,BFQ,5955.0,JQE,5840.0,0,DHT
7P,1500.0,GHE,8206.0,PAC,1869.0,0,BNI
7P,1500.0,MPP,8207.0,PAC,1869.0,0,DHT
7P,1500.0,OGM,Unknown,MPP,8207.0,0,DHT
7P,1500.0,OTD,5957.0,SIC,6783.0,0,DHT
7P,1500.0,PVE,7901.0,CZJ,9758.0,0,DHT
7P,1500.0,PYC,7895.0,ACU,8204.0,0,DHT
7P,1500.0,SAX,5958.0,GHE,8206.0,0,BNI
7P,1500.0,SIC,6783.0,PAC,1869.0,0,DHT
7R,1469.0,GRV,6122.0,DME,4029.0,0,CR2
7S,Unknown,KGX,7219.0,SHX,7090.0,0, CNA
8D,1109.0,KOZ,7164.0,ADQ,3531.0,0,CNA
8D,1109.0,OLH,7163.0,ADQ,3531.0,0,CNA
8D,1109.0,ORI,7165.0,ADQ,3531.0,0,CNA
8E,1472.0,PHO,6721.0,LUR,3413.0,0,CNC
8E,1472.0,PHO,6721.0,OTZ,3693.0,0,CNC
8E,1472.0,WBB,7193.0,OME,3615.0,0,PA2
8E,1472.0,WBB,7193.0,SMK,7191.0,0,BE1
8E,1472.0,WBB,7193.0,UNK,7088.0,0,CNC
8P,3856.0,YKT,9747.0,ZEL,7275.0,0,DHP
8P,3856.0,ZEL,7275.0,YBL,30.0,0,BE1
8P,3856.0,ZEL,7275.0,YKT,9747.0,0,DHP
8P,3856.0,ZEL,7275.0,YZT,200.0,0,SF3
8U,32.0,MRA,5804.0,BEN,1154.0,0,320
8U,32.0,MRA,5804.0,IST,1701.0,0,320
8U,32.0,MRA,5804.0,SFA,295.0,0,320 319
8U,32.0,MRA,5804.0,TUN,287.0,0,319 320
8V,55.0,KBC,7118.0,FYU,3420.0,0,CNC
8V,55.0,TAL,7113.0,FAI,3832.0,0,CNC
8V,55.0,TAL,7113.0,HSL,7108.0,0,CNC
8V,55.0,TAL,7113.0,RBY,6722.0,0,CNC
9C,15999.0,HIA,7898.0,HRB,3400.0,0,320
9C,15999.0,HIA,7898.0,SZX,3374.0,0,320
9C,15999.0,JIQ,8781.0,KMG,3382.0,0,320
9C,15999.0,JIQ,8781.0,SHA,3391.0,0,320
9N,19810.0,BCV,8227.0,BZE,1957.0,0,CNC
9N,19810.0,BCV,8227.0,CUK,5454.0,0,CNC
9N,19810.0,BCV,8227.0,SPR,4279.0,0,CNC
9N,19810.0,BCV,8227.0,SQS,Unknown,0,CNC
9N,19810.0,BCV,8227.0,TZA,6463.0,0,CNC
9N,19810.0,CUK,5454.0,BCV,8227.0,0,CNC
9N,19810.0,CUK,5454.0,BZE,1957.0,0,CNC
9N,19810.0,CUK,5454.0,SPR,4279.0,0,CNC
9N,19810.0,CUK,5454.0,TZA,6463.0,0,CNC
9N,19810.0,CZH,7029.0,SPR,4279.0,0,CNC
9N,19810.0,DGA,7287.0,BZE,1957.0,0,CNC
9N,19810.0,DGA,7287.0,PLJ,7288.0,0,CNC
9N,19810.0,DGA,7287.0,TZA,6463.0,0,CNC
9N,19810.0,PLJ,7288.0,BZE,1957.0,0,CNC
9N,19810.0,PLJ,7288.0,DGA,7287.0,0,CNC
9N,19810.0,PLJ,7288.0,PND,5455.0,0,CNC
9N,19810.0,PND,5455.0,PLJ,7288.0,0,CNC
9N,19810.0,SPR,4279.0,BCV,8227.0,0,CNC
9N,19810.0,SPR,4279.0,BZE,1957.0,0,CNC
9N,19810.0,SPR,4279.0,CUK,5454.0,0,CNC
9N,19810.0,SPR,4279.0,CZH,7029.0,0,CNC
9N,19810.0,SPR,4279.0,SQS,Unknown,0,CNC
9N,19810.0,SPR,4279.0,TZA,6463.0,0,CNC
9N,19810.0,SQS,Unknown,BCV,8227.0,0,CNC
9N,19810.0,SQS,Unknown,BZE,1957.0,0,CNC
9N,19810.0,SQS,Unknown,SPR,4279.0,0,CNC
9N,19810.0,SQS,Unknown,TZA,6463.0,0,CNC
9N,19810.0,TZA,6463.0,BCV,8227.0,0,CNC
9N,19810.0,TZA,6463.0,BZE,1957.0,0,CNC
9N,19810.0,TZA,6463.0,CUK,5454.0,0,CNC
9N,19810.0,TZA,6463.0,DGA,7287.0,0,CNC
9N,19810.0,TZA,6463.0,SPR,4279.0,0,CNC
9N,19810.0,TZA,6463.0,SQS,Unknown,0,CNC
9R,4691.0,LCR,7356.0,ACR,6740.0,0,BE1
9R,4691.0,LCR,7356.0,LET,2728.0,0,BE1
9R,4691.0,LMC,7358.0,VVC,2756.0,0,BE1
9R,4691.0,TCD,5477.0,LET,2728.0,0,BE1
9W,3000.0,DOH,11051.0,BOM,2997.0,0,73H
9W,3000.0,DOH,11051.0,COK,3136.0,0,73H
9W,3000.0,DOH,11051.0,DEL,3093.0,0,73H
A5,1203.0,MLH,Unknown,LYS,1335.0,0,AT5
A8,1392.0,PAF,7450.0,EBB,1187.0,0,CNA
AA,24.0,DOH,11051.0,BAH,2057.0,0,777
AA,24.0,DOH,11051.0,IAD,3714.0,0,777
AA,24.0,DOH,11051.0,IAH,3550.0,0,777
AA,24.0,DOH,11051.0,JFK,3797.0,0,777
AA,24.0,DOH,11051.0,ORD,3830.0,0,777
AA,24.0,DOH,11051.0,PHL,3752.0,0,777
AA,24.0,ISB,2223.0,AUH,2179.0,0,320 332
AB,214.0,NBE,7447.0,CGN,344.0,0,738
AB,214.0,NBE,7447.0,DRS,338.0,0,738
AB,214.0,NBE,7447.0,DUS,345.0,0,738
AB,214.0,NBE,7447.0,MUC,346.0,0,320
AB,214.0,NBE,7447.0,NUE,347.0,0,738
AB,214.0,NBE,7447.0,TXL,351.0,0,738
AC,330.0,DOH,11051.0,BAH,2057.0,0,333
AC,330.0,DOH,11051.0,FRA,340.0,0,333
AF,137.0,DOH,11051.0,AMS,580.0,0,330
AF,137.0,DOH,11051.0,MCT,2194.0,0,330
AF,137.0,MLH,Unknown,ORY,1386.0,0,AT7
AF,137.0,NBS,8826.0,SHE,4144.0,0,320
AH,794.0,MLH,Unknown,CZL,221.0,0,736
AT,4248.0,GLN,9823.0,TTA,1065.0,0,AT7
B9,543.0,GSM,5712.0,MHD,4331.0,0,M82
BA,1355.0,DOH,11051.0,BAH,2057.0,0,777
BB,4335.0,SSB,7310.0,SPB,7309.0,0,DHT
BG,1359.0,DOH,11051.0,DXB,2188.0,0,313
BJ,3740.0,NBE,7447.0,DME,4029.0,0,320
BJ,3740.0,NBE,7447.0,DUS,345.0,0,320
BJ,3740.0,NBE,7447.0,FRA,340.0,0,320
BJ,3740.0,NBE,7447.0,LED,2948.0,0,320
BJ,3740.0,NBE,7447.0,MUC,346.0,0,320
BK,4026.0,JGD,8979.0,HRB,3400.0,0,YN7
BK,4026.0,JGD,8979.0,OHE,6943.0,0,YN7
CA,751.0,DDG,6433.0,PEK,3364.0,0,738
CA,751.0,DQA,9845.0,PEK,3364.0,0,738
CA,751.0,JGS,6428.0,PEK,3364.0,0,738
CA,751.0,NTG,5475.0,CAN,3370.0,0,320
CA,751.0,NTG,5475.0,DLC,3404.0,0,738
CA,751.0,NTG,5475.0,PEK,3364.0,0,738
CA,751.0,NTG,5475.0,SHE,4144.0,0,738
CA,751.0,NTG,5475.0,SZX,3374.0,0,738
CA,751.0,NTG,5475.0,TSN,3368.0,0,320
CA,751.0,NTG,5475.0,XMN,3383.0,0,738
CA,751.0,PZI,6435.0,CTU,3395.0,0,319
CG,1308.0,LNV,5979.0,POM,5.0,0,DH8
CG,1308.0,LSA,5980.0,GUR,5422.0,0,DH8
CG,1308.0,TFI,5984.0,PNP,5423.0,0,DH8
CI,1756.0,FSZ,6476.0,TPE,2276.0,0,333 738
CX,1680.0,DOH,11051.0,ATH,3941.0,0,333 332
CX,1680.0,DOH,11051.0,BCN,1218.0,0,332
CX,1680.0,DOH,11051.0,GVA,1665.0,0,320
CX,1680.0,DOH,11051.0,HKG,3077.0,0,333 332
CX,1680.0,DOH,11051.0,MAD,1229.0,0,77W
CX,1680.0,DOH,11051.0,VCE,1551.0,0,320
CZ,1767.0,AAT,6946.0,URC,3399.0,0,73G E90
CZ,1767.0,BSD,7505.0,KMG,3382.0,0,733
CZ,1767.0,DDG,6433.0,PVG,3406.0,0,320
CZ,1767.0,DQA,9845.0,PEK,3364.0,0,319 320
CZ,1767.0,DQA,9845.0,TAO,3390.0,0,319
CZ,1767.0,ISB,2223.0,PEK,3364.0,0,310
CZ,1767.0,ISB,2223.0,URC,3399.0,0,752
CZ,1767.0,JGS,6428.0,CAN,3370.0,0,319
CZ,1767.0,JIQ,8781.0,CAN,3370.0,0,319
CZ,1767.0,JUH,9843.0,CAN,3370.0,0,319
CZ,1767.0,JUH,9843.0,XMN,3383.0,0,737
CZ,1767.0,LNJ,7527.0,KMG,3382.0,0,733
CZ,1767.0,NBS,8826.0,CGQ,4380.0,0,319
CZ,1767.0,NBS,8826.0,PEK,3364.0,0,319
CZ,1767.0,NBS,8826.0,SHE,4144.0,0,320
CZ,1767.0,NTG,5475.0,CAN,3370.0,0,738
CZ,1767.0,WNH,7528.0,KMG,3382.0,0,737
D2,20270.0,VUS,8924.0,CEE,6111.0,0,CR2
DL,2009.0,DOH,11051.0,AMS,580.0,0,330
DL,2009.0,DOH,11051.0,MCT,2194.0,0,330
DV,4840.0,SZI,9841.0,UKK,6086.0,0,AN4
EK,2183.0,DOH,11051.0,DXB,2188.0,0,772 77W 773 332
EK,2183.0,ISB,2223.0,DXB,2188.0,0,77W
EP,2923.0,GSM,5712.0,SYZ,2157.0,0,AT7
EQ,4863.0,LGQ,6750.0,UIO,2688.0,0,E70 E90
EQ,4863.0,TNW,10792.0,UIO,2688.0,0,E90
ET,2220.0,SHC,5601.0,MQX,1118.0,0,DH8
ET,2220.0,SZE,9827.0,ADD,1107.0,0,DH8
ET,2220.0,SZE,9827.0,MQX,1118.0,0,DH8
EU,2193.0,JGS,6428.0,CTU,3395.0,0,319
EU,2193.0,JGS,6428.0,XMN,3383.0,0,319
EY,2222.0,DOH,11051.0,AUH,2179.0,0,320 319
EY,2222.0,ISB,2223.0,AUH,2179.0,0,320 332 77W
F9,2468.0,BKG,6962.0,DEN,3751.0,0,319
F9,2468.0,IGM,6132.0,PGA,4124.0,0,BE1
FM,4609.0,DDG,6433.0,TAO,3390.0,0,737
FM,4609.0,JGS,6428.0,SHA,3391.0,0,738
FM,4609.0,TVS,8858.0,PVG,3406.0,0,738
FR,4296.0,LUZ,8832.0,STN,548.0,0,738
FZ,14485.0,DOH,11051.0,DWC,8076.0,0,73H
FZ,14485.0,DOH,11051.0,DXB,2188.0,0,73H
G5,15837.0,AEB,8082.0,CKG,3393.0,0,CR9
G5,15837.0,AEB,8082.0,KWL,3372.0,0,CR9
G5,15837.0,DOY,4145.0,CKG,3393.0,0,CR9
G5,15837.0,DOY,4145.0,DLC,3404.0,0,CR9
G5,15837.0,HIA,7898.0,CKG,3393.0,0,CR9
G5,15837.0,HIA,7898.0,DLC,3404.0,0,CR9
G5,15837.0,JIQ,8781.0,CKG,3393.0,0,CR2
G5,15837.0,TVS,8858.0,DLC,3404.0,0,CR9
G5,15837.0,TVS,8858.0,SJW,6347.0,0,CR9
G9,329.0,DOH,11051.0,SHJ,2191.0,0,320
GF,2638.0,DOH,11051.0,BAH,2057.0,0,320
GF,2638.0,ISB,2223.0,BAH,2057.0,0,330
GL,921.0,AGM,7642.0,IOQ,Unknown,0,BH2
GL,921.0,AGM,7642.0,KUS,4248.0,0,BH2
GL,921.0,AGM,7642.0,KUZ,Unknown,0,BH2
GL,921.0,AGM,7642.0,SGG,Unknown,0,BH2
GL,921.0,AGM,7642.0,TQI,Unknown,0,BH2
GL,921.0,AOQ,Unknown,JUV,5448.0,0,BH2
GL,921.0,IKE,Unknown,SAE,Unknown,0,BH2
GL,921.0,IKE,Unknown,UMD,8628.0,0,BH2
GL,921.0,IOQ,Unknown,AGM,7642.0,0,BH2
GL,921.0,IOT,Unknown,JUU,Unknown,0,BH2
GL,921.0,IOT,Unknown,UMD,8628.0,0,BH2
GL,921.0,IUI,Unknown,JUV,5448.0,0,BH2
GL,921.0,IUI,Unknown,TQA,Unknown,0,BH2
GL,921.0,JUK,Unknown,UMD,8628.0,0,BH2
GL,921.0,JUU,Unknown,IOT,Unknown,0,BH2
GL,921.0,JUU,Unknown,UMD,8628.0,0,BH2
GL,921.0,KGQ,Unknown,JUV,5448.0,0,BH2
GL,921.0,KGQ,Unknown,UPK,Unknown,0,BH2
GL,921.0,KHQ,Unknown,JUV,5448.0,0,BH2
GL,921.0,KHQ,Unknown,NSQ,Unknown,0,BH2
GL,921.0,KUS,4248.0,AGM,7642.0,0,BH2
GL,921.0,KUS,4248.0,CNP,5439.0,0,DH8
GL,921.0,KUS,4248.0,GOH,8.0,0,DH8
GL,921.0,KUS,4248.0,SFJ,9.0,0,DH8
GL,921.0,KUZ,Unknown,AGM,7642.0,0,BH2
GL,921.0,NIQ,Unknown,UMD,8628.0,0,BH2
GL,921.0,NSQ,Unknown,JUV,5448.0,0,BH2
GL,921.0,NSQ,Unknown,KHQ,Unknown,0,BH2
GL,921.0,QFN,Unknown,JNN,5444.0,0,BH2
GL,921.0,QJH,Unknown,JJU,5442.0,0,BH2
GL,921.0,QOQ,Unknown,JJU,5442.0,0,BH2
GL,921.0,QUV,Unknown,QFN,Unknown,0,BH2
GL,921.0,QUW,Unknown,JJU,5442.0,0,BH2
GL,921.0,QUW,Unknown,JNN,5444.0,0,BH2
GL,921.0,SAE,Unknown,IKE,Unknown,0,BH2
GL,921.0,SAE,Unknown,UMD,8628.0,0,BH2
GL,921.0,SGG,Unknown,AGM,7642.0,0,BH2
GL,921.0,SRK,Unknown,NAQ,5446.0,0,BH2
GL,921.0,SVR,Unknown,THU,10.0,0,BH2
GL,921.0,TQA,Unknown,IUI,Unknown,0,BH2
GL,921.0,TQA,Unknown,JUV,5448.0,0,BH2
GL,921.0,TQI,Unknown,AGM,7642.0,0,BH2
GL,921.0,UPK,Unknown,JUV,5448.0,0,BH2
GL,921.0,UPK,Unknown,KGQ,Unknown,0,BH2
GL,921.0,XEQ,Unknown,QUV,Unknown,0,BH2
GS,690.0,AAT,6946.0,URC,3399.0,0,E90
GS,690.0,HIA,7898.0,FOC,3385.0,0,ERJ
GS,690.0,HIA,7898.0,TSN,3368.0,0,ERJ
GS,690.0,HIA,7898.0,WNZ,6392.0,0,ERJ
GS,690.0,HIA,7898.0,XIY,3379.0,0,E90
GS,690.0,JGD,8979.0,HLD,3366.0,0,E90
GS,690.0,JIC,11473.0,LHW,3378.0,0,ERJ
GS,690.0,JIC,11473.0,XIY,3379.0,0,ERJ
GS,690.0,YZY,7987.0,LHW,3378.0,0,ERJ
GS,690.0,YZY,7987.0,XIY,3379.0,0,ERJ
GV,386.0,KCG,9745.0,KCL,7155.0,0,BEC
GV,386.0,KCL,7155.0,KCQ,7153.0,0,BEC
GV,386.0,KCQ,7153.0,KPV,7157.0,0,BEC
GV,386.0,KLL,7102.0,IGG,6763.0,0,BEC
GV,386.0,UGB,Unknown,PTH,6766.0,0,BEC
H2,4737.0,CPO,4312.0,CJC,2645.0,0,319
H2,4737.0,CPO,4312.0,LSC,2662.0,0,319
H2,4737.0,CPO,4312.0,SCL,2650.0,0,320 319
H2,4737.0,ZCO,2664.0,CCP,2656.0,0,319
H2,4737.0,ZCO,2664.0,SCL,2650.0,0,319
HI,16625.0,BLD,6449.0,GCW,6448.0,0,BH2
HI,16625.0,GCW,6448.0,BLD,6449.0,0,BH2
HO,3081.0,DOY,4145.0,PVG,3406.0,0,320
HO,3081.0,JUH,9843.0,CTU,3395.0,0,320
HO,3081.0,JUH,9843.0,SHA,3391.0,0,320
HQ,2684.0,NBE,7447.0,BRU,302.0,0,320
HU,2660.0,AEB,8082.0,CAN,3370.0,0,738
HU,2660.0,DOY,4145.0,CAN,3370.0,0,738
HU,2660.0,DOY,4145.0,HRB,3400.0,0,738
HU,2660.0,DOY,4145.0,PEK,3364.0,0,738
HU,2660.0,TVS,8858.0,CAN,3370.0,0,738
HV,5039.0,NBE,7447.0,AMS,580.0,0,73H
HZ,4808.0,BVV,7478.0,UUS,2933.0,0,DH8
HZ,4808.0,OHH,7479.0,UUS,2933.0,0,DH8
I6,10955.0,ISB,2223.0,KHI,2206.0,0,733
I6,10955.0,ISB,2223.0,UET,2221.0,0,733
IB,2822.0,DOH,11051.0,BAH,2057.0,0,777
IE,4797.0,BNY,6919.0,HIR,4074.0,0,DHT
IE,4797.0,BNY,6919.0,RNL,5414.0,0,DHT
IE,4797.0,JJA,Unknown,HIR,4074.0,0,BNI
IR,2922.0,DOH,11051.0,LRR,5934.0,0,320
IR,2922.0,DOH,11051.0,SYZ,2157.0,0,320
IR,2922.0,GSM,5712.0,MHD,4331.0,0,M82
IR,2922.0,GSM,5712.0,THR,2131.0,0,100 320
IX,569.0,DOH,11051.0,BAH,2057.0,0,738
IX,569.0,DOH,11051.0,BOM,2997.0,0,738
IX,569.0,DOH,11051.0,CCJ,3137.0,0,738
IY,5496.0,DOH,11051.0,ADE,3977.0,0,320
IY,5496.0,DOH,11051.0,SAH,3980.0,0,310
J2,197.0,DOH,11051.0,GYD,2922.0,0,320
J5,10912.0,PEC,7138.0,ELV,7136.0,0,DHP
J5,10912.0,TKE,7137.0,JNU,3492.0,0,DHP
JH,13200.0,FSZ,6476.0,CTS,2287.0,0,E70
JH,13200.0,FSZ,6476.0,FUK,2305.0,0,E70
JH,13200.0,FSZ,6476.0,KOJ,2307.0,0,E70
JJ,4867.0,RIG,2611.0,PET,2603.0,0,L4T
JL,2987.0,DOH,11051.0,KIX,3992.0,0,332
JL,2987.0,DOH,11051.0,NRT,2279.0,0,77L
JL,2987.0,FSZ,6476.0,PVG,3406.0,0,738
JT,3290.0,KBU,6231.0,BDJ,3908.0,0,ATR
JT,3290.0,KBU,6231.0,UPG,3240.0,0,ATR
JT,3290.0,MJU,9181.0,UPG,3240.0,0,ATR
JT,3290.0,PUM,8735.0,UPG,3240.0,0,ATR
K2,2245.0,LUZ,8832.0,GDN,668.0,0,DH4
K2,2245.0,LUZ,8832.0,MXP,1524.0,0,DH4
K3,20963.0,CGA,7144.0,KLW,7205.0,0,DHP
K3,20963.0,EDA,Unknown,KTN,3808.0,0,DHP
K3,20963.0,KCC,7237.0,EDA,Unknown,0,DHP
K3,20963.0,KCC,7237.0,WWP,7152.0,0,DHP
K3,20963.0,KPB,7150.0,PPV,7151.0,0,DHP
K3,20963.0,KTB,7147.0,CGA,7144.0,0,DHP
K3,20963.0,MTM,7146.0,KTN,3808.0,0,DHP
K3,20963.0,NKI,Unknown,EDA,Unknown,0,DHP
K3,20963.0,PPV,7151.0,KTN,3808.0,0,DHP
K3,20963.0,WWP,7152.0,NKI,Unknown,0,DHP
KL,3090.0,DOH,11051.0,AMS,580.0,0,330
KL,3090.0,DOH,11051.0,MCT,2194.0,0,330
KL,3090.0,ISB,2223.0,AUH,2179.0,0,320 332
KN,10741.0,FUO,7457.0,NAY,6341.0,0,737
KN,10741.0,JIC,11473.0,JGN,6432.0,0,737
KN,10741.0,JIC,11473.0,NAY,6341.0,0,737
KN,10741.0,JUH,9843.0,NAY,6341.0,0,737
KU,3179.0,DOH,11051.0,KWI,2176.0,0,320 310
KU,3179.0,ISB,2223.0,KWI,2176.0,0,320
KY,13704.0,NTG,5475.0,CKG,3393.0,0,73G
LA,3200.0,CPO,4312.0,SCL,2650.0,0,319 320
LA,3200.0,ZCO,2664.0,SCL,2650.0,0,319
LG,3329.0,NBE,7447.0,LUX,629.0,0,73W
LH,3320.0,DOH,11051.0,BAH,2057.0,0,333
LH,3320.0,DOH,11051.0,FRA,340.0,0,333 343
LN,3258.0,MRA,5804.0,BEN,1154.0,0,320 CR9
LN,3258.0,MRA,5804.0,CAI,1128.0,0,320
LN,3258.0,MRA,5804.0,HBE,3410.0,0,320
LN,3258.0,MRA,5804.0,SFA,295.0,0,CR9 320
LN,3258.0,MRA,5804.0,TUN,287.0,0,320
LN,3258.0,QUB,5805.0,TIP,1157.0,0,CR9
LR,3197.0,TNO,5844.0,SJO,1885.0,0,CNA
LX,4559.0,DOH,11051.0,BAH,2057.0,0,333
LX,4559.0,DOH,11051.0,FRA,340.0,0,333
M5,3123.0,DHB,9540.0,RCE,8170.0,0,DHP
M5,3123.0,DHB,9540.0,WSX,8173.0,0,DHP
M5,3123.0,FBS,8174.0,LKE,6457.0,0,DHP
M5,3123.0,FBS,8174.0,RCE,8170.0,0,DHP
M5,3123.0,LKE,6457.0,FBS,8174.0,0,DHP
M5,3123.0,LKE,6457.0,SEA,3577.0,0,DHL
M5,3123.0,LKE,6457.0,YWH,4106.0,0,DHL
M5,3123.0,RCE,8170.0,DHB,9540.0,0,DHP
M5,3123.0,RCE,8170.0,FBS,8174.0,0,DHP
M5,3123.0,WSX,8173.0,DHB,9540.0,0,DHP
M5,3123.0,WSX,8173.0,LPS,6136.0,0,DHP
ME,3490.0,DOH,11051.0,BEY,2177.0,0,320
MF,5484.0,JUH,9843.0,XMN,3383.0,0,737
MH,3378.0,DOH,11051.0,KUL,3304.0,0,332 777
MH,3378.0,DOH,11051.0,RUH,2082.0,0,777
MH,3378.0,LBP,5855.0,MUR,3265.0,0,DHT
MH,3378.0,TGC,6770.0,KCH,3263.0,0,AT7
MS,2143.0,DOH,11051.0,CAI,1128.0,0,333 738
MU,1758.0,BSD,7505.0,KMG,3382.0,0,733
MU,1758.0,DDG,6433.0,TAO,3390.0,0,737
MU,1758.0,DQA,9845.0,TAO,3390.0,0,320
MU,1758.0,FSZ,6476.0,PVG,3406.0,0,738 320
MU,1758.0,FUO,7457.0,NAY,6341.0,0,737
MU,1758.0,HIA,7898.0,CAN,3370.0,0,320
MU,1758.0,HIA,7898.0,HKG,3077.0,0,320
MU,1758.0,HIA,7898.0,PEK,3364.0,0,320
MU,1758.0,HIA,7898.0,SHA,3391.0,0,320
MU,1758.0,JGD,8979.0,HRB,3400.0,0,320
MU,1758.0,JGS,6428.0,SHA,3391.0,0,738
MU,1758.0,JGS,6428.0,SZX,3374.0,0,320
MU,1758.0,JGS,6428.0,XIY,3379.0,0,320
MU,1758.0,JIC,11473.0,JGN,6432.0,0,737
MU,1758.0,JIC,11473.0,NAY,6341.0,0,737
MU,1758.0,JIQ,8781.0,KMG,3382.0,0,737
MU,1758.0,JIQ,8781.0,PEK,3364.0,0,737
MU,1758.0,JUH,9843.0,NAY,6341.0,0,737
MU,1758.0,LNJ,7527.0,KMG,3382.0,0,733
MU,1758.0,NBS,8826.0,TSN,3368.0,0,738
MU,1758.0,TVS,8858.0,PVG,3406.0,0,738
MU,1758.0,WNH,7528.0,KMG,3382.0,0,737
MU,1758.0,YZY,7987.0,XIY,3379.0,0,320
MU,1758.0,ZQZ,10940.0,SJW,6347.0,0,320
MY,3498.0,CUK,5454.0,BZE,1957.0,0,CNC
MY,3498.0,CUK,5454.0,SPR,4279.0,0,CNC
MY,3498.0,CZH,7029.0,ORZ,Unknown,0,CNC
MY,3498.0,CZH,7029.0,SPR,4279.0,0,CNC
MY,3498.0,DGA,7287.0,BZE,1957.0,0,CNC
MY,3498.0,DGA,7287.0,INB,9757.0,0,CNC
MY,3498.0,DGA,7287.0,PLJ,7288.0,0,CNC
MY,3498.0,DGA,7287.0,SVK,9756.0,0,CNC
MY,3498.0,INB,9757.0,PLJ,7288.0,0,CNC
MY,3498.0,INB,9757.0,PND,5455.0,0,CNC
MY,3498.0,ORZ,Unknown,CZH,7029.0,0,CNC
MY,3498.0,ORZ,Unknown,SPR,4279.0,0,CNC
MY,3498.0,PLJ,7288.0,DGA,7287.0,0,CNC
MY,3498.0,PLJ,7288.0,INB,9757.0,0,CNC
MY,3498.0,PLJ,7288.0,PND,5455.0,0,CNC
MY,3498.0,PLJ,7288.0,SVK,9756.0,0,CNC
MY,3498.0,PND,5455.0,INB,9757.0,0,CNC
MY,3498.0,SPR,4279.0,BZE,1957.0,0,CNC
MY,3498.0,SPR,4279.0,CUK,5454.0,0,CNC
MY,3498.0,SPR,4279.0,CZH,7029.0,0,CNC
MY,3498.0,SPR,4279.0,ORZ,Unknown,0,CNC
MY,3498.0,SPR,4279.0,TZA,6463.0,0,CNC
MY,3498.0,SVK,9756.0,DGA,7287.0,0,CNC
MY,3498.0,SVK,9756.0,INB,9757.0,0,CNC
MY,3498.0,SVK,9756.0,PLJ,7288.0,0,CNC
MY,3498.0,TZA,6463.0,BZE,1957.0,0,CNC
MY,3498.0,TZA,6463.0,DGA,7287.0,0,CNC
MY,3498.0,TZA,6463.0,SPR,4279.0,0,CNC
NH,324.0,DOH,11051.0,KIX,3992.0,0,332
NH,324.0,DOH,11051.0,NRT,2279.0,0,77L
NH,324.0,FSZ,6476.0,CTS,2287.0,0,737
NH,324.0,FSZ,6476.0,ICN,3930.0,0,320
NH,324.0,FSZ,6476.0,OKA,2384.0,0,737
NHG,3574.0,RIG,2611.0,PET,2603.0,0,L4T
NHG,3574.0,RIG,2611.0,POA,2599.0,0,L4T
NL,4311.0,ISB,2223.0,AUH,2179.0,0,734 320
NL,4311.0,ISB,2223.0,DXB,2188.0,0,734
NL,4311.0,ISB,2223.0,JED,2072.0,0,333
NL,4311.0,ISB,2223.0,KHI,2206.0,0,320 734
NL,4311.0,ISB,2223.0,RUH,2082.0,0,333
NL,4311.0,ISB,2223.0,SKZ,2227.0,0,734
NL,4311.0,ISB,2223.0,UET,2221.0,0,734
NS,16136.0,ZQZ,10940.0,SJW,6347.0,0,E90
NY,896.0,KUS,4248.0,RKV,18.0,0,DH8
OZ,28.0,DOH,11051.0,ICN,3930.0,0,333
OZ,28.0,FSZ,6476.0,ICN,3930.0,0,321 320
P0,4066.0,SLI,5613.0,LUN,907.0,0,J32 J41
P0,4066.0,SLI,5613.0,NLA,910.0,0,J32
PC,3926.0,DOH,11051.0,SAW,4317.0,0,738
PI,3969.0,NER,Unknown,YKS,2923.0,0,AN4
PK,3871.0,DOH,11051.0,BAH,2057.0,0,73H
PK,3871.0,DOH,11051.0,PEW,2219.0,0,310
PK,3871.0,ISB,2223.0,AUH,2179.0,0,310
PK,3871.0,ISB,2223.0,BCN,1218.0,0,310
PK,3871.0,ISB,2223.0,BHV,5939.0,0,ATR
PK,3871.0,ISB,2223.0,BHX,469.0,0,777
PK,3871.0,ISB,2223.0,CDG,1382.0,0,777
PK,3871.0,ISB,2223.0,CJL,5940.0,0,ATR
PK,3871.0,ISB,2223.0,CPH,609.0,0,777
PK,3871.0,ISB,2223.0,DMM,2064.0,0,310
PK,3871.0,ISB,2223.0,DXB,2188.0,0,310
PK,3871.0,ISB,2223.0,GIL,2204.0,0,ATR
PK,3871.0,ISB,2223.0,JED,2072.0,0,777
PK,3871.0,ISB,2223.0,KBL,2050.0,0,ATR
PK,3871.0,ISB,2223.0,KDU,5949.0,0,ATR
PK,3871.0,ISB,2223.0,KHI,2206.0,0,777 320 310 73H
PK,3871.0,ISB,2223.0,LBA,517.0,0,310
PK,3871.0,ISB,2223.0,LHE,2207.0,0,ATR 310 737
PK,3871.0,ISB,2223.0,LHR,507.0,0,777
PK,3871.0,ISB,2223.0,MAN,478.0,0,777
PK,3871.0,ISB,2223.0,MCT,2194.0,0,310
PK,3871.0,ISB,2223.0,MED,2074.0,0,310
PK,3871.0,ISB,2223.0,MUX,2214.0,0,ATR
PK,3871.0,ISB,2223.0,MXP,1524.0,0,777
PK,3871.0,ISB,2223.0,PEK,3364.0,0,310
PK,3871.0,ISB,2223.0,PEW,2219.0,0,310 ATR
PK,3871.0,ISB,2223.0,RUH,2082.0,0,777 310
PK,3871.0,ISB,2223.0,SHJ,2191.0,0,310
PK,3871.0,ISB,2223.0,SKT,6776.0,0,310
PK,3871.0,ISB,2223.0,SKZ,2227.0,0,ATR
PK,3871.0,ISB,2223.0,UET,2221.0,0,310
PK,3871.0,ISB,2223.0,YYZ,193.0,0,777
PM,5016.0,GLN,9823.0,LPA,1054.0,0,AT4
PR,3952.0,CGY,2400.0,MNL,2397.0,0,320
PR,3952.0,DOH,11051.0,MNL,2397.0,0,330
PW,4031.0,MBI,9829.0,DAR,1177.0,0,AT7
PX,328.0,BUL,Unknown,POM,5.0,0,DH8
PX,328.0,LNV,5979.0,POM,5.0,0,DH3 DH8
PX,328.0,LNV,5979.0,RAB,5435.0,0,DH3
Q2,13108.0,FVM,10119.0,MLE,3156.0,0,DH2
Q5,10.0,CKX,Unknown,TKJ,7235.0,0,CNA
Q5,10.0,HKB,7242.0,FAI,3832.0,0,CNA
QB,2541.0,GSM,5712.0,DXB,2188.0,0,F50
QB,2541.0,GSM,5712.0,KIH,2109.0,0,F50
QB,2541.0,GSM,5712.0,SYZ,2157.0,0,F50
QF,4089.0,ZBL,Unknown,BNE,3320.0,0,DH8 DH3
QR,4091.0,DOH,11051.0,ADD,1107.0,0,320
QR,4091.0,DOH,11051.0,ALG,210.0,0,77W
QR,4091.0,DOH,11051.0,AMD,2994.0,0,321
QR,4091.0,DOH,11051.0,AMM,2170.0,0,77W 333 332 77L
QR,4091.0,DOH,11051.0,ARN,737.0,0,788
QR,4091.0,DOH,11051.0,ATH,3941.0,0,333 321 332
QR,4091.0,DOH,11051.0,ATQ,3081.0,0,321
QR,4091.0,DOH,11051.0,AUH,2179.0,0,320 319 321
QR,4091.0,DOH,11051.0,BAH,2057.0,0,320 321 319 333
QR,4091.0,DOH,11051.0,BCN,1218.0,0,332
QR,4091.0,DOH,11051.0,BEY,2177.0,0,320 321
QR,4091.0,DOH,11051.0,BGW,4130.0,0,320
QR,4091.0,DOH,11051.0,BKK,3885.0,0,77W
QR,4091.0,DOH,11051.0,BLR,3131.0,0,788
QR,4091.0,DOH,11051.0,BOM,2997.0,0,77W
QR,4091.0,DOH,11051.0,BRU,302.0,0,788
QR,4091.0,DOH,11051.0,BSR,2234.0,0,320
QR,4091.0,DOH,11051.0,BUD,1489.0,0,321 320
QR,4091.0,DOH,11051.0,CAI,1128.0,0,77L 77W 333 320
QR,4091.0,DOH,11051.0,CAN,3370.0,0,77W
QR,4091.0,DOH,11051.0,CCJ,3137.0,0,320 321
QR,4091.0,DOH,11051.0,CCU,3043.0,0,320
QR,4091.0,DOH,11051.0,CDG,1382.0,0,346 77W
QR,4091.0,DOH,11051.0,CGK,3275.0,0,332 77W 333
QR,4091.0,DOH,11051.0,CKG,3393.0,0,332
QR,4091.0,DOH,11051.0,CMB,3024.0,0,321 320 77W
QR,4091.0,DOH,11051.0,CMN,1074.0,0,333 332
QR,4091.0,DOH,11051.0,COK,3136.0,0,333 346
QR,4091.0,DOH,11051.0,CPH,609.0,0,788
QR,4091.0,DOH,11051.0,CRK,4140.0,0,333 332
QR,4091.0,DOH,11051.0,CTU,3395.0,0,332
QR,4091.0,DOH,11051.0,DAC,3076.0,0,333 320 332
QR,4091.0,DOH,11051.0,DAR,1177.0,0,320
QR,4091.0,DOH,11051.0,DEL,3093.0,0,788
QR,4091.0,DOH,11051.0,DME,4029.0,0,320
QR,4091.0,DOH,11051.0,DMM,2064.0,0,788 321 77W 333 320 332 319
QR,4091.0,DOH,11051.0,DWC,8076.0,0,320 321 319
QR,4091.0,DOH,11051.0,DXB,2188.0,0,788 321 320 77W 77L 332 333
QR,4091.0,DOH,11051.0,EBB,1187.0,0,320
QR,4091.0,DOH,11051.0,EBL,3989.0,0,320
QR,4091.0,DOH,11051.0,ELQ,2067.0,0,320 319
QR,4091.0,DOH,11051.0,ESB,1682.0,0,320
QR,4091.0,DOH,11051.0,FCO,1555.0,0,333 320
QR,4091.0,DOH,11051.0,FRA,340.0,0,77L 788 77W
QR,4091.0,DOH,11051.0,GOI,3007.0,0,321
QR,4091.0,DOH,11051.0,GRU,2564.0,0,77L
QR,4091.0,DOH,11051.0,GVA,1665.0,0,320
QR,4091.0,DOH,11051.0,GYD,2922.0,0,320
QR,4091.0,DOH,11051.0,HBE,3410.0,0,320
QR,4091.0,DOH,11051.0,HGH,3386.0,0,332 333
QR,4091.0,DOH,11051.0,HKG,3077.0,0,333 332
QR,4091.0,DOH,11051.0,HYD,Unknown,0,321
QR,4091.0,DOH,11051.0,IAD,3714.0,0,77W
QR,4091.0,DOH,11051.0,IAH,3550.0,0,77L
QR,4091.0,DOH,11051.0,ICN,3930.0,0,333
QR,4091.0,DOH,11051.0,IKA,4330.0,0,320 321
QR,4091.0,DOH,11051.0,ISB,2223.0,0,333 77L 332
QR,4091.0,DOH,11051.0,IST,1701.0,0,333 332
QR,4091.0,DOH,11051.0,ISU,5952.0,0,320
QR,4091.0,DOH,11051.0,JED,2072.0,0,788 333 77W 332
QR,4091.0,DOH,11051.0,JFK,3797.0,0,77W
QR,4091.0,DOH,11051.0,JNB,813.0,0,788
QR,4091.0,DOH,11051.0,KHI,2206.0,0,320
QR,4091.0,DOH,11051.0,KIX,3992.0,0,332
QR,4091.0,DOH,11051.0,KRT,1175.0,0,320 321
QR,4091.0,DOH,11051.0,KTM,3125.0,0,320 333
QR,4091.0,DOH,11051.0,KUL,3304.0,0,332 77W 333 77L
QR,4091.0,DOH,11051.0,KWI,2176.0,0,320 321 77L 332
QR,4091.0,DOH,11051.0,LCA,1197.0,0,320
QR,4091.0,DOH,11051.0,LHE,2207.0,0,333 77W 332
QR,4091.0,DOH,11051.0,LHR,507.0,0,333 788 77W 346 332 77L
QR,4091.0,DOH,11051.0,LOS,273.0,0,333 332
QR,4091.0,DOH,11051.0,LXR,1132.0,0,320
QR,4091.0,DOH,11051.0,MAA,3144.0,0,333
QR,4091.0,DOH,11051.0,MAD,1229.0,0,77W
QR,4091.0,DOH,11051.0,MAN,478.0,0,332 333
QR,4091.0,DOH,11051.0,MCT,2194.0,0,320 E75 321 73J 332 788 73G 77L
QR,4091.0,DOH,11051.0,MED,2074.0,0,320 321
QR,4091.0,DOH,11051.0,MEL,3339.0,0,77W
QR,4091.0,DOH,11051.0,MHD,4331.0,0,320
QR,4091.0,DOH,11051.0,MLE,3156.0,0,320
QR,4091.0,DOH,11051.0,MNL,2397.0,0,77W 333
QR,4091.0,DOH,11051.0,MUC,346.0,0,788
QR,4091.0,DOH,11051.0,MXP,1524.0,0,332 320 333
QR,4091.0,DOH,11051.0,NBO,4059.0,0,320
QR,4091.0,DOH,11051.0,NJF,7490.0,0,320
QR,4091.0,DOH,11051.0,NRT,2279.0,0,77L
QR,4091.0,DOH,11051.0,ORD,3830.0,0,77W
QR,4091.0,DOH,11051.0,OSL,644.0,0,788
QR,4091.0,DOH,11051.0,OTP,1657.0,0,320 321
QR,4091.0,DOH,11051.0,PEK,3364.0,0,77W
QR,4091.0,DOH,11051.0,PER,3351.0,0,77L
QR,4091.0,DOH,11051.0,PEW,2219.0,0,332 333
QR,4091.0,DOH,11051.0,PHL,3752.0,0,77L
QR,4091.0,DOH,11051.0,PVG,3406.0,0,77W
QR,4091.0,DOH,11051.0,RGN,3239.0,0,319
QR,4091.0,DOH,11051.0,RUH,2082.0,0,788 333 321 320
QR,4091.0,DOH,11051.0,SAH,3980.0,0,320
QR,4091.0,DOH,11051.0,SGN,3205.0,0,332
QR,4091.0,DOH,11051.0,SHJ,2191.0,0,320 319 321
QR,4091.0,DOH,11051.0,SIN,3316.0,0,788 77W
QR,4091.0,DOH,11051.0,SLL,2195.0,0,320
QR,4091.0,DOH,11051.0,SYZ,2157.0,0,320 321
QR,4091.0,DOH,11051.0,TIF,2090.0,0,321 320
QR,4091.0,DOH,11051.0,TRV,3153.0,0,321
QR,4091.0,DOH,11051.0,TUN,287.0,0,320
QR,4091.0,DOH,11051.0,TXL,351.0,0,332 333
QR,4091.0,DOH,11051.0,VCE,1551.0,0,320
QR,4091.0,DOH,11051.0,VIE,1613.0,0,320
QR,4091.0,DOH,11051.0,WAW,679.0,0,320
QR,4091.0,DOH,11051.0,YUL,146.0,0,77W
QR,4091.0,DOH,11051.0,ZRH,1678.0,0,788
QR,4091.0,ISB,2223.0,DOH,11051.0,0,332 333 77L
R3,1287.0,NER,Unknown,IKT,2937.0,0,DH4
R3,1287.0,NER,Unknown,KHV,2927.0,0,DH4
R3,1287.0,NER,Unknown,VKO,2988.0,0,73W
R3,1287.0,NER,Unknown,YKS,2923.0,0,A40
R3,1287.0,NGK,Unknown,KHV,2927.0,0,DH4
R3,1287.0,OHH,7479.0,KHV,2927.0,0,DH4
RA,3637.0,DOH,11051.0,KTM,3125.0,0,757
RG,5368.0,ZDY,8962.0,AZI,2180.0,0,ERJ
RJ,4259.0,DOH,11051.0,AMM,2170.0,0,319 E95 320
RJ,4259.0,MRA,5804.0,AMM,2170.0,0,E95 E75
RZ,2226.0,TNO,5844.0,SJO,1885.0,0,CNA
SD,4521.0,DOH,11051.0,KRT,1175.0,0,320
SG,4375.0,TCR,9842.0,MAA,3144.0,0,DH8
ST,2547.0,NBE,7447.0,BRE,353.0,0,319
SV,4533.0,DOH,11051.0,JED,2072.0,0,320
SV,4533.0,DOH,11051.0,RUH,2082.0,0,320
SV,4533.0,ISB,2223.0,DMM,2064.0,0,74E
SV,4533.0,ISB,2223.0,JED,2072.0,0,74E
SV,4533.0,ISB,2223.0,RUH,2082.0,0,74E
SV,4533.0,ULH,8381.0,MED,2074.0,0,E70
SV,4533.0,ULH,8381.0,RUH,2082.0,0,E70
T7,4965.0,MLH,Unknown,MRS,1353.0,0,BEH
TCX,4897.0,NBE,7447.0,BRS,490.0,0,320
TCX,4897.0,NBE,7447.0,EMA,523.0,0,321
TCX,4897.0,NBE,7447.0,GLA,534.0,0,752
TCX,4897.0,NBE,7447.0,LGW,502.0,0,752
TCX,4897.0,NBE,7447.0,MAN,478.0,0,321 753
TCX,4897.0,NBE,7447.0,NCL,521.0,0,752 321
TG,4940.0,ISB,2223.0,BKK,3885.0,0,333
TK,4951.0,BGG,9272.0,ESB,1682.0,0,738
TK,4951.0,BGG,9272.0,IST,1701.0,0,319
TK,4951.0,DOH,11051.0,IST,1701.0,0,321 738
TK,4951.0,IGD,9043.0,ESB,1682.0,0,738
TK,4951.0,IGD,9043.0,IST,1701.0,0,320
TK,4951.0,ISB,2223.0,IST,1701.0,0,738
TK,4951.0,MRA,5804.0,IST,1701.0,0,319
TO,8745.0,NBE,7447.0,BHX,469.0,0,75W
TO,8745.0,NBE,7447.0,BRS,490.0,0,75W
TO,8745.0,NBE,7447.0,CWL,488.0,0,73H
TO,8745.0,NBE,7447.0,EMA,523.0,0,73H
TO,8745.0,NBE,7447.0,LGW,502.0,0,73H
TO,8745.0,NBE,7447.0,MAN,478.0,0,73H
TO,8745.0,NBE,7447.0,NCL,521.0,0,73H
TOM,5013.0,NBE,7447.0,BRS,490.0,0,75W
TOM,5013.0,NBE,7447.0,EMA,523.0,0,73H
TOM,5013.0,NBE,7447.0,GLA,534.0,0,75W
TOM,5013.0,NBE,7447.0,LGW,502.0,0,75W 73H
TOM,5013.0,NBE,7447.0,MAN,478.0,0,73H
TOM,5013.0,NBE,7447.0,NCL,521.0,0,73H
TU,4870.0,MRA,5804.0,TUN,287.0,0,32A 320 319
TU,4870.0,NBE,7447.0,DUS,345.0,0,736
TU,4870.0,NBE,7447.0,FRA,340.0,0,32A
TU,4870.0,NBE,7447.0,HAM,342.0,0,32A
TU,4870.0,NBE,7447.0,MUC,346.0,0,736
TU,4870.0,NBE,7447.0,SXF,337.0,0,319
TU,4870.0,NBE,7447.0,ZRH,1678.0,0,319
UA,5209.0,DOH,11051.0,BAH,2057.0,0,333
UA,5209.0,DOH,11051.0,DXB,2188.0,0,777
UA,5209.0,DOH,11051.0,FRA,340.0,0,333
UA,5209.0,IGM,6132.0,PGA,4124.0,0,BE1
UL,4349.0,DIW,7562.0,KCT,6169.0,0,CNC
UL,4349.0,DOH,11051.0,CMB,3024.0,0,332 343
UN,5067.0,NBE,7447.0,DME,4029.0,0,744
UN,5067.0,NBE,7447.0,LED,2948.0,0,763
UN,5067.0,NBE,7447.0,SVO,2985.0,0,744
US,5265.0,DOH,11051.0,BCN,1218.0,0,332
US,5265.0,DOH,11051.0,FRA,340.0,0,788 77W
US,5265.0,DOH,11051.0,IAH,3550.0,0,77L
US,5265.0,DOH,11051.0,LHR,507.0,0,333 332
US,5265.0,DOH,11051.0,MAD,1229.0,0,77W 772
US,5265.0,DOH,11051.0,MAN,478.0,0,333 332
US,5265.0,DOH,11051.0,MUC,346.0,0,788
V0,1886.0,CBS,Unknown,CCS,2851.0,0,ATR
V3,1669.0,LUZ,8832.0,FCO,1555.0,0,100
VA,5360.0,ISB,2223.0,AUH,2179.0,0,320 332
VN,5309.0,THD,9135.0,SGN,3205.0,0,321
VN,5309.0,VDH,4154.0,HAN,3199.0,0,AT7 321
VN,5309.0,VDH,4154.0,SGN,3205.0,0,321
VT,692.0,KXU,Unknown,PPT,4075.0,0,ATR
VT,692.0,RKA,Unknown,KHZ,Unknown,0,ATR
W3,20976.0,GMO,Unknown,ABV,260.0,0,CR9 DH4
W3,20976.0,QRW,6972.0,ABV,260.0,0,DH4
W3,20976.0,QRW,6972.0,LOS,273.0,0,DH4
W6,5461.0,LUZ,8832.0,LTN,492.0,0,320
W6,5461.0,LUZ,8832.0,TRF,664.0,0,320
W6,5461.0,MLH,Unknown,BEG,1739.0,0,320
W6,5461.0,MLH,Unknown,SKP,1737.0,0,320
W6,5461.0,MLH,Unknown,TZL,Unknown,0,320
WF,5439.0,FDE,4389.0,BGO,636.0,0,DH1
WF,5439.0,FDE,4389.0,OSL,644.0,0,DH1
WN,4547.0,BKG,6962.0,DAL,3502.0,0,73W
WN,4547.0,BKG,6962.0,HOU,3566.0,0,73W 733
WN,4547.0,BKG,6962.0,MDW,3747.0,0,73W
WY,3778.0,DOH,11051.0,BAH,2057.0,0,738
WY,3778.0,DOH,11051.0,MCT,2194.0,0,E75 738 73G
WY,3778.0,ISB,2223.0,MCT,2194.0,0,738 73G
X4,Unknown,EXI,7141.0,JNU,3492.0,0,PA1
X4,Unknown,KAE,7243.0,JNU,3492.0,0,CNC PA2
XY,3754.0,ISB,2223.0,JED,2072.0,0,330
Y9,3148.0,GSM,5712.0,DXB,2188.0,0,F50
YO,16150.0,MCM,4264.0,NCE,1354.0,0,NDE
Z3,1266.0,CGA,7144.0,KLW,7205.0,0,DHP
Z3,1266.0,CGA,7144.0,KTN,3808.0,0,DHP
Z3,1266.0,HYL,7145.0,KTB,7147.0,0,DHP
Z3,1266.0,HYL,7145.0,KTN,3808.0,0,DHP
Z3,1266.0,KTB,7147.0,HYL,7145.0,0,DHP
Z3,1266.0,KWF,Unknown,KTN,3808.0,0,DHP
Z3,1266.0,MTM,7146.0,KTN,3808.0,0,DHP
Z8,603.0,RBQ,7317.0,LPB,2762.0,0,SWM CRJ
Z8,603.0,RBQ,7317.0,TDD,2769.0,0,SWM
ZB,220.0,NBE,7447.0,LGW,502.0,0,321
ZB,220.0,NBE,7447.0,MAN,478.0,0,320 321
ZH,4611.0,DDG,6433.0,PEK,3364.0,0,737
ZH,4611.0,DQA,9845.0,PEK,3364.0,0,737
ZH,4611.0,JGS,6428.0,PEK,3364.0,0,737
ZH,4611.0,NTG,5475.0,CAN,3370.0,0,320
ZH,4611.0,NTG,5475.0,CKG,3393.0,0,738
ZH,4611.0,NTG,5475.0,DLC,3404.0,0,738
ZH,4611.0,NTG,5475.0,PEK,3364.0,0,737
ZH,4611.0,NTG,5475.0,SHE,4144.0,0,738
ZH,4611.0,NTG,5475.0,SZX,3374.0,0,738
ZH,4611.0,NTG,5475.0,TSN,3368.0,0,320
ZH,4611.0,NTG,5475.0,XMN,3383.0,0,738
ZH,4611.0,PZI,6435.0,CTU,3395.0,0,319
ZI,21.0,MLH,Unknown,ALG,210.0,0,320
ZI,21.0,MLH,Unknown,CZL,221.0,0,320
ZI,21.0,MLH,Unknown,ORN,231.0,0,319
ZI,21.0,MLH,Unknown,QSF,6492.0,0,320
ZK,2607.0,EAR,6129.0,DEN,3751.0,0,EM2
ZK,2607.0,IGM,6132.0,LAX,3484.0,0,BE1
ZK,2607.0,IGM,6132.0,PGA,4124.0,0,BE1
ZK,2607.0,SVC,6135.0,PHX,3462.0,0,BE1
2O,146.0,ADQ,3531.0,AOS,7167.0,0,BNI
2O,146.0,ADQ,3531.0,KKB,7168.0,0,BNI
2O,146.0,ADQ,3531.0,KOZ,7164.0,0,BNI
2O,146.0,ADQ,3531.0,OLH,7163.0,0,BNI
2P,897.0,MNL,2397.0,CGY,2400.0,0,320
3F,16262.0,KTN,3808.0,CGA,7144.0,0,DHP
3F,16262.0,KTN,3808.0,HYL,7145.0,0,DHP
3F,16262.0,KTN,3808.0,KTB,7147.0,0,DHP
3F,16262.0,KTN,3808.0,MTM,7146.0,0,DHP
3U,4608.0,CKG,3393.0,PZI,6435.0,0,319
3U,4608.0,CTU,3395.0,JIQ,8781.0,0,320
3U,4608.0,CTU,3395.0,PZI,6435.0,0,319
3U,4608.0,TYN,3369.0,TVS,8858.0,0,319
3U,4608.0,WUH,3376.0,NTG,5475.0,0,319
4E,Unknown,MCG,5965.0,TCT,7215.0,0,PAG
4Q,10758.0,HEA,2048.0,ISB,2223.0,0,319
4Q,10758.0,KBL,2050.0,ISB,2223.0,0,319
4W,Unknown,BTT,3417.0,CXF,7119.0,0,PA2
4W,Unknown,FAI,3832.0,RMP,7112.0,0,CN1
4W,Unknown,FAI,3832.0,SVS,9741.0,0,PA2
4W,Unknown,FAI,3832.0,TAL,7113.0,0,PA2
4W,Unknown,MLY,7246.0,MNT,7110.0,0,CN1
4W,Unknown,WBQ,7115.0,SVS,9741.0,0,PA2
4Y,1173.0,AKI,7217.0,TLT,7218.0,0,CNA
4Y,1173.0,BET,3599.0,ATT,4385.0,0,CNA
4Y,1173.0,BET,3599.0,GNU,8202.0,0,CNA
4Y,1173.0,BET,3599.0,WTL,7099.0,0,CNA
4Y,1173.0,KUK,7094.0,NUP,7212.0,0,CNA
4Y,1173.0,KWT,7095.0,KKI,9742.0,0,CNA
4Y,1173.0,MLL,7097.0,PQS,7216.0,0,CNA
4Y,1173.0,OOK,8200.0,TNK,8201.0,0,CNA
5C,1581.0,LIR,1881.0,TNO,5844.0,0,DHT
5C,1581.0,SJO,1885.0,TNO,5844.0,0,DHT
5J,1683.0,BCD,2423.0,CGY,2400.0,0,ATR
5J,1683.0,CEB,4206.0,CGY,2400.0,0,ATR 320 319
5J,1683.0,DVO,4090.0,CGY,2400.0,0,ATR
5J,1683.0,ILO,2429.0,CGY,2400.0,0,319
5J,1683.0,MNL,2397.0,CGY,2400.0,0,320 319
5Z,18946.0,JNB,813.0,ELL,8492.0,0,BEH
7H,16726.0,AKI,7217.0,KKI,9742.0,0,CNA
7H,16726.0,AKI,7217.0,TLT,7218.0,0,CNA
7H,16726.0,ANI,5967.0,CHU,7091.0,0,CNA
7H,16726.0,ANV,6713.0,KGX,7219.0,0,CNC
7H,16726.0,AUK,7199.0,SXP,7200.0,0,CNA
7H,16726.0,BET,3599.0,PQS,7216.0,0,CNA
7H,16726.0,BET,3599.0,TLT,7218.0,0,CNA
7H,16726.0,BET,3599.0,WTL,7099.0,0,CNA
7H,16726.0,KOT,7207.0,WBB,7193.0,0,CNC
7H,16726.0,KSM,6718.0,SXP,7200.0,0,CNA
7H,16726.0,KUK,7094.0,NUP,7212.0,0,CNA
7H,16726.0,KWT,7095.0,KKI,9742.0,0,CNA
7H,16726.0,MOU,5966.0,PQS,7216.0,0,CNA
7H,16726.0,NME,8199.0,TNK,8201.0,0,CNC CNA
7H,16726.0,OME,3615.0,WBB,7193.0,0,CNC
7H,16726.0,OOK,8200.0,TNK,8201.0,0,CNA
7H,16726.0,OTZ,3693.0,PHO,6721.0,0,CNC
7H,16726.0,PIZ,3414.0,PHO,6721.0,0,BE1
7H,16726.0,SHX,7090.0,KGX,7219.0,0,CNC
7H,16726.0,SLQ,7240.0,SRV,7241.0,0,CNA
7H,16726.0,SMK,7191.0,WBB,7193.0,0,CNA CNC
7P,1500.0,PAC,1869.0,BFQ,5955.0,0,DHT
7P,1500.0,PAC,1869.0,OGM,Unknown,0,DHT
7P,1500.0,PAC,1869.0,OTD,5957.0,0,DHT
7P,1500.0,PAC,1869.0,PVE,7901.0,0,DHT
7P,1500.0,PAC,1869.0,PYC,7895.0,0,DHT
7P,1500.0,PAC,1869.0,SAX,5958.0,0,BNI
7R,1469.0,DME,4029.0,GRV,6122.0,0,CR2
7S,Unknown,ANV,6713.0,KGX,7219.0,0, CNA
8D,1109.0,ADQ,3531.0,KOZ,7164.0,0,CNA
8D,1109.0,ADQ,3531.0,OLH,7163.0,0,CNA
8D,1109.0,ADQ,3531.0,ORI,7165.0,0,CNA
8E,1472.0,KVL,6719.0,PHO,6721.0,0,CNC
8E,1472.0,OME,3615.0,WBB,7193.0,0,BE1
8E,1472.0,OTZ,3693.0,PHO,6721.0,0,CNC
8E,1472.0,SMK,7191.0,WBB,7193.0,0,CNC PA2
8P,3856.0,YBL,30.0,ZEL,7275.0,0,BE1
8P,3856.0,YZT,200.0,ZEL,7275.0,0,SF3
8U,32.0,BEN,1154.0,MRA,5804.0,0,320
8U,32.0,IST,1701.0,MRA,5804.0,0,320
8U,32.0,SFA,295.0,MRA,5804.0,0,319
8U,32.0,TUN,287.0,MRA,5804.0,0,319 320
8V,55.0,FAI,3832.0,KBC,7118.0,0,CNC
8V,55.0,FAI,3832.0,TAL,7113.0,0,CNC
8V,55.0,HSL,7108.0,TAL,7113.0,0,CNC
8V,55.0,HUS,7107.0,TAL,7113.0,0,CNC
8V,55.0,RBY,6722.0,TAL,7113.0,0,CNC
9C,15999.0,HRB,3400.0,HIA,7898.0,0,320
9C,15999.0,KMG,3382.0,JIQ,8781.0,0,320
9C,15999.0,SHA,3391.0,JIQ,8781.0,0,320
9C,15999.0,SZX,3374.0,HIA,7898.0,0,320
9N,19810.0,BZE,1957.0,BCV,8227.0,0,CNC
9N,19810.0,BZE,1957.0,CUK,5454.0,0,CNC
9N,19810.0,BZE,1957.0,DGA,7287.0,0,CNC
9N,19810.0,BZE,1957.0,PLJ,7288.0,0,CNC
9N,19810.0,BZE,1957.0,SPR,4279.0,0,CNC
9N,19810.0,BZE,1957.0,SQS,Unknown,0,CNC
9N,19810.0,BZE,1957.0,TZA,6463.0,0,CNC
9R,4691.0,ACR,6740.0,LCR,7356.0,0,BE1
9R,4691.0,LET,2728.0,LCR,7356.0,0,BE1
9R,4691.0,LET,2728.0,TCD,5477.0,0,BE1
9R,4691.0,VVC,2756.0,LMC,7358.0,0,BE1
9W,3000.0,BOM,2997.0,DOH,11051.0,0,73H
9W,3000.0,COK,3136.0,DOH,11051.0,0,73H
9W,3000.0,DEL,3093.0,DOH,11051.0,0,73H
A5,1203.0,LYS,1335.0,MLH,Unknown,0,AT5
A8,1392.0,EBB,1187.0,PAF,7450.0,0,CNA
AA,24.0,AUH,2179.0,ISB,2223.0,0,320 332
AA,24.0,BAH,2057.0,DOH,11051.0,0,777
AA,24.0,IAD,3714.0,DOH,11051.0,0,777
AA,24.0,IAH,3550.0,DOH,11051.0,0,777
AA,24.0,JFK,3797.0,DOH,11051.0,0,777
AA,24.0,ORD,3830.0,DOH,11051.0,0,777
AA,24.0,PHL,3752.0,DOH,11051.0,0,777
AB,214.0,CGN,344.0,NBE,7447.0,0,738
AB,214.0,DRS,338.0,NBE,7447.0,0,738
AB,214.0,DUS,345.0,NBE,7447.0,0,738
AB,214.0,MUC,346.0,NBE,7447.0,0,320
AB,214.0,NUE,347.0,NBE,7447.0,0,738
AB,214.0,TXL,351.0,NBE,7447.0,0,738
AC,330.0,BAH,2057.0,DOH,11051.0,0,333
AC,330.0,FRA,340.0,DOH,11051.0,0,333
AF,137.0,AMS,580.0,DOH,11051.0,0,332
AF,137.0,MCT,2194.0,DOH,11051.0,0,332
AF,137.0,ORY,1386.0,MLH,Unknown,0,AT7
AF,137.0,SHE,4144.0,NBS,8826.0,0,320
AH,794.0,CZL,221.0,MLH,Unknown,0,736
AT,4248.0,CMN,1074.0,GLN,9823.0,0,AT7
B9,543.0,MHD,4331.0,GSM,5712.0,0,M82
BA,1355.0,BAH,2057.0,DOH,11051.0,0,777
BB,4335.0,SPB,7309.0,SSB,7310.0,0,DHT
BG,1359.0,DAC,3076.0,DOH,11051.0,0,313
BJ,3740.0,DJE,293.0,MLH,Unknown,0,321
BJ,3740.0,DME,4029.0,NBE,7447.0,0,320
BJ,3740.0,DUS,345.0,NBE,7447.0,0,320
BJ,3740.0,FRA,340.0,NBE,7447.0,0,320
BJ,3740.0,LED,2948.0,NBE,7447.0,0,320
BJ,3740.0,MUC,346.0,NBE,7447.0,0,320
BK,4026.0,HRB,3400.0,JGD,8979.0,0,YN7
BK,4026.0,OHE,6943.0,JGD,8979.0,0,YN7
CA,751.0,CAN,3370.0,NTG,5475.0,0,320
CA,751.0,CTU,3395.0,PZI,6435.0,0,319
CA,751.0,DLC,3404.0,NTG,5475.0,0,738
CA,751.0,PEK,3364.0,DDG,6433.0,0,738
CA,751.0,PEK,3364.0,DQA,9845.0,0,738
CA,751.0,PEK,3364.0,JGS,6428.0,0,738
CA,751.0,PEK,3364.0,NTG,5475.0,0,738
CA,751.0,SHE,4144.0,NTG,5475.0,0,738
CA,751.0,SZX,3374.0,NTG,5475.0,0,738
CA,751.0,TSN,3368.0,NTG,5475.0,0,320
CA,751.0,XMN,3383.0,NTG,5475.0,0,738
CG,1308.0,GUR,5422.0,LSA,5980.0,0,DH8
CG,1308.0,PNP,5423.0,TFI,5984.0,0,DH8
CG,1308.0,POM,5.0,BUL,Unknown,0,DH8
CG,1308.0,POM,5.0,LNV,5979.0,0,DH8
CG,1308.0,POM,5.0,TFI,5984.0,0,DH8
CG,1308.0,RAB,5435.0,LNV,5979.0,0,DH8
CI,1756.0,TPE,2276.0,FSZ,6476.0,0,333 738
CX,1680.0,ATH,3941.0,DOH,11051.0,0,321
CX,1680.0,BCN,1218.0,DOH,11051.0,0,332
CX,1680.0,GVA,1665.0,DOH,11051.0,0,320
CX,1680.0,HKG,3077.0,DOH,11051.0,0,332 333
CX,1680.0,MAD,1229.0,DOH,11051.0,0,77W
CX,1680.0,VCE,1551.0,DOH,11051.0,0,320
CZ,1767.0,CAN,3370.0,JGS,6428.0,0,319
CZ,1767.0,CAN,3370.0,JIQ,8781.0,0,319
CZ,1767.0,CAN,3370.0,JUH,9843.0,0,319
CZ,1767.0,CGQ,4380.0,NBS,8826.0,0,319
CZ,1767.0,KMG,3382.0,BSD,7505.0,0,733
CZ,1767.0,KMG,3382.0,LNJ,7527.0,0,737 733
CZ,1767.0,KMG,3382.0,WNH,7528.0,0,737
CZ,1767.0,PEK,3364.0,DQA,9845.0,0,319 320
CZ,1767.0,PEK,3364.0,ISB,2223.0,0,310
CZ,1767.0,PEK,3364.0,NBS,8826.0,0,319
CZ,1767.0,PVG,3406.0,DDG,6433.0,0,320
CZ,1767.0,SHE,4144.0,NBS,8826.0,0,320
CZ,1767.0,TAO,3390.0,DQA,9845.0,0,319
CZ,1767.0,URC,3399.0,AAT,6946.0,0,73G E90
CZ,1767.0,URC,3399.0,ISB,2223.0,0,752
CZ,1767.0,XMN,3383.0,JUH,9843.0,0,737
CZ,1767.0,YNZ,6393.0,NTG,5475.0,0,738
D2,20270.0,CEE,6111.0,VUS,8924.0,0,CR2
DL,2009.0,AMS,580.0,DOH,11051.0,0,332
DL,2009.0,MCT,2194.0,DOH,11051.0,0,332
DV,4840.0,UKK,6086.0,SZI,9841.0,0,AN4
EK,2183.0,DXB,2188.0,DOH,11051.0,0,772 77W 773 332
EK,2183.0,DXB,2188.0,ISB,2223.0,0,77W
EP,2923.0,SYZ,2157.0,GSM,5712.0,0,AT7
EQ,4863.0,UIO,2688.0,LGQ,6750.0,0,E70 E90
EQ,4863.0,XMS,2680.0,TNW,10792.0,0,E90
ET,2220.0,ADD,1107.0,SZE,9827.0,0,DH8
ET,2220.0,MQX,1118.0,SHC,5601.0,0,DH8
ET,2220.0,MQX,1118.0,SZE,9827.0,0,DH8
EU,2193.0,CTU,3395.0,JGS,6428.0,0,319
EU,2193.0,XMN,3383.0,JGS,6428.0,0,319
EY,2222.0,AUH,2179.0,DOH,11051.0,0,320 319
EY,2222.0,AUH,2179.0,ISB,2223.0,0,320 332 77W
F9,2468.0,DEN,3751.0,BKG,6962.0,0,319
F9,2468.0,LAX,3484.0,IGM,6132.0,0,BE1
FM,4609.0,PVG,3406.0,TVS,8858.0,0,738
FM,4609.0,SHA,3391.0,JGS,6428.0,0,738
FM,4609.0,TAO,3390.0,DDG,6433.0,0,737
FR,4296.0,STN,548.0,LUZ,8832.0,0,738
FZ,14485.0,DWC,8076.0,DOH,11051.0,0,73H
FZ,14485.0,DXB,2188.0,DOH,11051.0,0,73H
G5,15837.0,CKG,3393.0,AEB,8082.0,0,CR9
G5,15837.0,CKG,3393.0,DOY,4145.0,0,CR9
G5,15837.0,CKG,3393.0,HIA,7898.0,0,CR9
G5,15837.0,CKG,3393.0,JIQ,8781.0,0,CR2
G5,15837.0,DLC,3404.0,DOY,4145.0,0,CR9
G5,15837.0,DLC,3404.0,HIA,7898.0,0,CR9
G5,15837.0,DLC,3404.0,TVS,8858.0,0,CR9
G5,15837.0,KWL,3372.0,AEB,8082.0,0,CR9
G5,15837.0,SJW,6347.0,TVS,8858.0,0,CR9
G9,329.0,SHJ,2191.0,DOH,11051.0,0,320
GF,2638.0,BAH,2057.0,DOH,11051.0,0,320
GF,2638.0,BAH,2057.0,ISB,2223.0,0,330
GL,921.0,CNP,5439.0,KUS,4248.0,0,DH8
GL,921.0,GOH,8.0,KUS,4248.0,0,DH8
GL,921.0,JJU,5442.0,QJH,Unknown,0,BH2
GL,921.0,JJU,5442.0,QUW,Unknown,0,BH2
GL,921.0,JNN,5444.0,QUW,Unknown,0,BH2
GL,921.0,JNN,5444.0,XEQ,Unknown,0,BH2
GL,921.0,JNS,5445.0,QFX,Unknown,0,BH2
GL,921.0,JUV,5448.0,AOQ,Unknown,0,BH2
GL,921.0,JUV,5448.0,IUI,Unknown,0,BH2
GL,921.0,JUV,5448.0,KGQ,Unknown,0,BH2
GL,921.0,JUV,5448.0,KHQ,Unknown,0,BH2
GL,921.0,JUV,5448.0,NSQ,Unknown,0,BH2
GL,921.0,JUV,5448.0,TQA,Unknown,0,BH2
GL,921.0,JUV,5448.0,UPK,Unknown,0,BH2
GL,921.0,NAQ,5446.0,SRK,Unknown,0,BH2
GL,921.0,QFG,Unknown,QOQ,Unknown,0,BH2
GL,921.0,SFJ,9.0,KUS,4248.0,0,DH8
GL,921.0,THU,10.0,SVR,Unknown,0,BH2
GL,921.0,UMD,8628.0,IKE,Unknown,0,BH2
GL,921.0,UMD,8628.0,IOT,Unknown,0,BH2
GL,921.0,UMD,8628.0,JUK,Unknown,0,BH2
GL,921.0,UMD,8628.0,JUU,Unknown,0,BH2
GL,921.0,UMD,8628.0,NIQ,Unknown,0,BH2
GL,921.0,UMD,8628.0,SAE,Unknown,0,BH2
GS,690.0,FOC,3385.0,HIA,7898.0,0,ERJ
GS,690.0,HLD,3366.0,JGD,8979.0,0,E90
GS,690.0,LHW,3378.0,JIC,11473.0,0,ERJ
GS,690.0,LHW,3378.0,YZY,7987.0,0,ERJ
GS,690.0,TSN,3368.0,HIA,7898.0,0,ERJ
GS,690.0,URC,3399.0,AAT,6946.0,0,E90
GS,690.0,WNZ,6392.0,HIA,7898.0,0,ERJ
GS,690.0,XIY,3379.0,HIA,7898.0,0,E90
GS,690.0,XIY,3379.0,JIC,11473.0,0,ERJ
GS,690.0,XIY,3379.0,YZY,7987.0,0,ERJ
GV,386.0,AKN,3794.0,KCG,9745.0,0,BEC
GV,386.0,AKN,3794.0,KLL,7102.0,0,BEC
GV,386.0,PIP,7158.0,UGB,Unknown,0,BEC
H2,4737.0,CCP,2656.0,ZCO,2664.0,0,319
H2,4737.0,CJC,2645.0,CPO,4312.0,0,319
H2,4737.0,LSC,2662.0,CPO,4312.0,0,319
H2,4737.0,SCL,2650.0,CPO,4312.0,0,320 319
H2,4737.0,SCL,2650.0,ZCO,2664.0,0,319
HO,3081.0,CTU,3395.0,JUH,9843.0,0,320
HO,3081.0,PVG,3406.0,DOY,4145.0,0,320
HO,3081.0,SHA,3391.0,JUH,9843.0,0,320
HQ,2684.0,BRU,302.0,NBE,7447.0,0,320
HU,2660.0,CAN,3370.0,AEB,8082.0,0,738
HU,2660.0,CAN,3370.0,DOY,4145.0,0,738
HU,2660.0,CAN,3370.0,TVS,8858.0,0,738
HU,2660.0,HRB,3400.0,DOY,4145.0,0,738
HU,2660.0,PEK,3364.0,DOY,4145.0,0,738
HV,5039.0,MLA,1606.0,NBE,7447.0,0,73H
HZ,4808.0,UUS,2933.0,BVV,7478.0,0,DH8
HZ,4808.0,UUS,2933.0,OHH,7479.0,0,DH8
I6,10955.0,KHI,2206.0,ISB,2223.0,0,733
I6,10955.0,UET,2221.0,ISB,2223.0,0,733
IB,2822.0,BAH,2057.0,DOH,11051.0,0,777
IE,4797.0,HIR,4074.0,BNY,6919.0,0,DHT
IE,4797.0,HIR,4074.0,JJA,Unknown,0,BNI
IE,4797.0,RNL,5414.0,BNY,6919.0,0,DHT
IR,2922.0,LRR,5934.0,DOH,11051.0,0,320
IR,2922.0,MHD,4331.0,GSM,5712.0,0,M82
IR,2922.0,SYZ,2157.0,DOH,11051.0,0,320
IR,2922.0,THR,2131.0,GSM,5712.0,0,100 320
IX,569.0,BAH,2057.0,DOH,11051.0,0,738
IX,569.0,BOM,2997.0,DOH,11051.0,0,738
IX,569.0,IXE,3143.0,DOH,11051.0,0,738
IY,5496.0,ADE,3977.0,DOH,11051.0,0,320
IY,5496.0,KWI,2176.0,DOH,11051.0,0,320
J2,197.0,GYD,2922.0,DOH,11051.0,0,320
J5,10912.0,AGN,7135.0,TKE,7137.0,0,DHP
J5,10912.0,JNU,3492.0,PEC,7138.0,0,DHP
JH,13200.0,CTS,2287.0,FSZ,6476.0,0,E70
JH,13200.0,FUK,2305.0,FSZ,6476.0,0,E70
JH,13200.0,KOJ,2307.0,FSZ,6476.0,0,E70
JL,2987.0,KIX,3992.0,DOH,11051.0,0,332
JL,2987.0,NRT,2279.0,DOH,11051.0,0,77L
JL,2987.0,PVG,3406.0,FSZ,6476.0,0,738
JT,3290.0,BDJ,3908.0,KBU,6231.0,0,ATR
JT,3290.0,UPG,3240.0,KBU,6231.0,0,ATR
JT,3290.0,UPG,3240.0,MJU,9181.0,0,ATR
JT,3290.0,UPG,3240.0,PUM,8735.0,0,ATR
K2,2245.0,GDN,668.0,LUZ,8832.0,0,DH4
K2,2245.0,MXP,1524.0,LUZ,8832.0,0,DH4
K3,20963.0,KTN,3808.0,KCC,7237.0,0,DHP
K3,20963.0,KTN,3808.0,KPB,7150.0,0,DHP
K3,20963.0,KTN,3808.0,KTB,7147.0,0,DHP
K3,20963.0,KTN,3808.0,MTM,7146.0,0,DHP
KL,3090.0,AMS,580.0,DOH,11051.0,0,330
KL,3090.0,AUH,2179.0,ISB,2223.0,0,320 332
KL,3090.0,MCT,2194.0,DOH,11051.0,0,330
KN,10741.0,JGN,6432.0,JIC,11473.0,0,737
KN,10741.0,NAY,6341.0,FUO,7457.0,0,737
KN,10741.0,NAY,6341.0,JIC,11473.0,0,737
KN,10741.0,NAY,6341.0,JUH,9843.0,0,737
KU,3179.0,KWI,2176.0,DOH,11051.0,0,320 310
KU,3179.0,KWI,2176.0,ISB,2223.0,0,320
KY,13704.0,CKG,3393.0,NTG,5475.0,0,73G
LA,3200.0,SCL,2650.0,CPO,4312.0,0,319 320
LA,3200.0,SCL,2650.0,ZCO,2664.0,0,319
LG,3329.0,DJE,293.0,NBE,7447.0,0,73W
LH,3320.0,BAH,2057.0,DOH,11051.0,0,333
LH,3320.0,FRA,340.0,DOH,11051.0,0,333 343
LN,3258.0,BEN,1154.0,MRA,5804.0,0,320 CR9
LN,3258.0,CAI,1128.0,MRA,5804.0,0,320
LN,3258.0,HBE,3410.0,MRA,5804.0,0,320
LN,3258.0,SFA,295.0,MRA,5804.0,0,CR9 320
LN,3258.0,TIP,1157.0,QUB,5805.0,0,CR9
LN,3258.0,TUN,287.0,MRA,5804.0,0,320
LR,3197.0,SJO,1885.0,TNO,5844.0,0,CNA
LX,4559.0,BAH,2057.0,DOH,11051.0,0,333
LX,4559.0,FRA,340.0,DOH,11051.0,0,333
M5,3123.0,LPS,6136.0,WSX,8173.0,0,DHP
M5,3123.0,YWH,4106.0,LKE,6457.0,0,DHL
M6,246.0,STM,4092.0,MTE,Unknown,0,EMB
ME,3490.0,BEY,2177.0,DOH,11051.0,0,320
MF,5484.0,XMN,3383.0,JUH,9843.0,0,737
MH,3378.0,KCH,3263.0,TGC,6770.0,0,AT7
MH,3378.0,KUL,3304.0,DOH,11051.0,0,332
MH,3378.0,MUR,3265.0,LBP,5855.0,0,DHT
MH,3378.0,RUH,2082.0,DOH,11051.0,0,787 777 332
MS,2143.0,CAI,1128.0,DOH,11051.0,0,333 738
MU,1758.0,CAN,3370.0,HIA,7898.0,0,320
MU,1758.0,HKG,3077.0,HIA,7898.0,0,320
MU,1758.0,HRB,3400.0,JGD,8979.0,0,320
MU,1758.0,JGN,6432.0,JIC,11473.0,0,737
MU,1758.0,KMG,3382.0,BSD,7505.0,0,733
MU,1758.0,KMG,3382.0,JIQ,8781.0,0,737
MU,1758.0,KMG,3382.0,LNJ,7527.0,0,737 733
MU,1758.0,KMG,3382.0,WNH,7528.0,0,737
MU,1758.0,NAY,6341.0,FUO,7457.0,0,737
MU,1758.0,NAY,6341.0,JIC,11473.0,0,737
MU,1758.0,NAY,6341.0,JUH,9843.0,0,737
MU,1758.0,PEK,3364.0,HIA,7898.0,0,320
MU,1758.0,PEK,3364.0,JIQ,8781.0,0,737
MU,1758.0,PVG,3406.0,FSZ,6476.0,0,738 320
MU,1758.0,PVG,3406.0,TVS,8858.0,0,738
MU,1758.0,SHA,3391.0,HIA,7898.0,0,320
MU,1758.0,SHA,3391.0,JGS,6428.0,0,738
MU,1758.0,SJW,6347.0,ZQZ,10940.0,0,320
MU,1758.0,SZX,3374.0,JGS,6428.0,0,320
MU,1758.0,TAO,3390.0,DDG,6433.0,0,737
MU,1758.0,TAO,3390.0,DQA,9845.0,0,320
MU,1758.0,TSN,3368.0,NBS,8826.0,0,738
MU,1758.0,XIY,3379.0,JGS,6428.0,0,320
MU,1758.0,XIY,3379.0,YZY,7987.0,0,320
MY,3498.0,BZE,1957.0,CUK,5454.0,0,CNC
MY,3498.0,BZE,1957.0,DGA,7287.0,0,CNC
MY,3498.0,BZE,1957.0,SPR,4279.0,0,CNC
MY,3498.0,BZE,1957.0,TZA,6463.0,0,CNC
NH,324.0,CTS,2287.0,FSZ,6476.0,0,737
NH,324.0,ICN,3930.0,FSZ,6476.0,0,320
NH,324.0,KIX,3992.0,DOH,11051.0,0,332
NH,324.0,NRT,2279.0,DOH,11051.0,0,77L
NH,324.0,OKA,2384.0,FSZ,6476.0,0,737
NHG,3574.0,PET,2603.0,RIG,2611.0,0,L4T
NL,4311.0,AUH,2179.0,ISB,2223.0,0,734 320
NL,4311.0,DMM,2064.0,ISB,2223.0,0,734
NL,4311.0,DXB,2188.0,ISB,2223.0,0,734
NL,4311.0,JED,2072.0,ISB,2223.0,0,333
NL,4311.0,KHI,2206.0,ISB,2223.0,0,320 734
NL,4311.0,RUH,2082.0,ISB,2223.0,0,333
NL,4311.0,SKZ,2227.0,ISB,2223.0,0,734
NL,4311.0,UET,2221.0,ISB,2223.0,0,734
NS,16136.0,SJW,6347.0,ZQZ,10940.0,0,E90
NY,896.0,RKV,18.0,KUS,4248.0,0,DH8
OZ,28.0,ICN,3930.0,DOH,11051.0,0,333
OZ,28.0,ICN,3930.0,FSZ,6476.0,0,321 320
P0,4066.0,LUN,907.0,SLI,5613.0,0,J32 J41
P0,4066.0,NLA,910.0,SLI,5613.0,0,J32
PC,3926.0,SAW,4317.0,DOH,11051.0,0,738
PI,3969.0,YKS,2923.0,NER,Unknown,0,AN4
PK,3871.0,AUH,2179.0,ISB,2223.0,0,310
PK,3871.0,BCN,1218.0,ISB,2223.0,0,310
PK,3871.0,BHV,5939.0,ISB,2223.0,0,ATR
PK,3871.0,BHX,469.0,ISB,2223.0,0,777
PK,3871.0,CDG,1382.0,ISB,2223.0,0,777
PK,3871.0,CJL,5940.0,ISB,2223.0,0,ATR
PK,3871.0,DMM,2064.0,ISB,2223.0,0,310
PK,3871.0,DXB,2188.0,ISB,2223.0,0,310
PK,3871.0,GIL,2204.0,ISB,2223.0,0,ATR
PK,3871.0,JED,2072.0,ISB,2223.0,0,777
PK,3871.0,KBL,2050.0,ISB,2223.0,0,ATR
PK,3871.0,KDU,5949.0,ISB,2223.0,0,ATR
PK,3871.0,KHI,2206.0,ISB,2223.0,0,310 320 ATR 777 73H
PK,3871.0,LBA,517.0,ISB,2223.0,0,310
PK,3871.0,LHE,2207.0,DOH,11051.0,0,73H
PK,3871.0,LHE,2207.0,ISB,2223.0,0,ATR 310 737
PK,3871.0,LHR,507.0,ISB,2223.0,0,777
PK,3871.0,MAN,478.0,ISB,2223.0,0,777
PK,3871.0,MCT,2194.0,ISB,2223.0,0,310
PK,3871.0,MED,2074.0,ISB,2223.0,0,310
PK,3871.0,MUX,2214.0,ISB,2223.0,0,ATR
PK,3871.0,MXP,1524.0,ISB,2223.0,0,777
PK,3871.0,OSL,644.0,ISB,2223.0,0,777
PK,3871.0,PEK,3364.0,ISB,2223.0,0,310
PK,3871.0,PEW,2219.0,DOH,11051.0,0,310
PK,3871.0,PEW,2219.0,ISB,2223.0,0,310 ATR
PK,3871.0,RUH,2082.0,ISB,2223.0,0,777
PK,3871.0,SHJ,2191.0,ISB,2223.0,0,310
PK,3871.0,SKT,6776.0,ISB,2223.0,0,310
PK,3871.0,SKZ,2227.0,ISB,2223.0,0,ATR
PK,3871.0,UET,2221.0,ISB,2223.0,0,310
PK,3871.0,YYZ,193.0,ISB,2223.0,0,777
PM,5016.0,LPA,1054.0,GLN,9823.0,0,AT4
PR,3952.0,MNL,2397.0,CGY,2400.0,0,320
PR,3952.0,MNL,2397.0,DOH,11051.0,0,330
PW,4031.0,DAR,1177.0,MBI,9829.0,0,AT7
PX,328.0,BUA,5419.0,LNV,5979.0,0,DH8
PX,328.0,POM,5.0,LNV,5979.0,0,DH8 DH3
PX,328.0,RAB,5435.0,LNV,5979.0,0,DH3 DH8
Q2,13108.0,MLE,3156.0,FVM,10119.0,0,DH2
Q5,10.0,FAI,3832.0,HKB,7242.0,0,CNA
Q5,10.0,TKJ,7235.0,CKX,Unknown,0,CNA
QB,2541.0,DXB,2188.0,GSM,5712.0,0,F50
QB,2541.0,KIH,2109.0,GSM,5712.0,0,F50
QB,2541.0,SYZ,2157.0,GSM,5712.0,0,F50
QF,4089.0,BNE,3320.0,ZBL,Unknown,0,DH8 DH3
QR,4091.0,ADD,1107.0,DOH,11051.0,0,320
QR,4091.0,ALG,210.0,DOH,11051.0,0,77W
QR,4091.0,AMD,2994.0,DOH,11051.0,0,321
QR,4091.0,AMM,2170.0,DOH,11051.0,0,77W 333 332 77L
QR,4091.0,ARN,737.0,DOH,11051.0,0,788
QR,4091.0,ATH,3941.0,DOH,11051.0,0,333 321 332
QR,4091.0,ATQ,3081.0,DOH,11051.0,0,321
QR,4091.0,AUH,2179.0,DOH,11051.0,0,320 319 321
QR,4091.0,BAH,2057.0,DOH,11051.0,0,320 321 319 333
QR,4091.0,BCN,1218.0,DOH,11051.0,0,332
QR,4091.0,BEY,2177.0,DOH,11051.0,0,320 321
QR,4091.0,BGW,4130.0,DOH,11051.0,0,320
QR,4091.0,BKK,3885.0,DOH,11051.0,0,77W
QR,4091.0,BLR,3131.0,DOH,11051.0,0,788
QR,4091.0,BOM,2997.0,DOH,11051.0,0,77W
QR,4091.0,BRU,302.0,DOH,11051.0,0,788
QR,4091.0,BSR,2234.0,DOH,11051.0,0,320
QR,4091.0,BUD,1489.0,DOH,11051.0,0,321 320
QR,4091.0,CAI,1128.0,DOH,11051.0,0,77L 77W 333 320
QR,4091.0,CAN,3370.0,DOH,11051.0,0,77W
QR,4091.0,CCJ,3137.0,DOH,11051.0,0,320 321
QR,4091.0,CCU,3043.0,DOH,11051.0,0,320
QR,4091.0,CDG,1382.0,DOH,11051.0,0,346 77W
QR,4091.0,CGK,3275.0,DOH,11051.0,0,77W 332 333
QR,4091.0,CKG,3393.0,DOH,11051.0,0,332
QR,4091.0,CMB,3024.0,DOH,11051.0,0,77W 321 320
QR,4091.0,CMN,1074.0,DOH,11051.0,0,333 332
QR,4091.0,COK,3136.0,DOH,11051.0,0,346 333
QR,4091.0,CPH,609.0,DOH,11051.0,0,788
QR,4091.0,CPT,797.0,DOH,11051.0,0,788
QR,4091.0,CRK,4140.0,DOH,11051.0,0,333
QR,4091.0,CTU,3395.0,DOH,11051.0,0,332
QR,4091.0,DAC,3076.0,DOH,11051.0,0,333 320 332
QR,4091.0,DAR,1177.0,DOH,11051.0,0,320
QR,4091.0,DEL,3093.0,DOH,11051.0,0,788
QR,4091.0,DME,4029.0,DOH,11051.0,0,320
QR,4091.0,DMM,2064.0,DOH,11051.0,0,788 321 77W 333 320 332 319
QR,4091.0,DWC,8076.0,DOH,11051.0,0,320 321 319
QR,4091.0,DXB,2188.0,DOH,11051.0,0,320 788 321 77W 77L 332 333
QR,4091.0,EBB,1187.0,DOH,11051.0,0,320
QR,4091.0,EBL,3989.0,DOH,11051.0,0,320
QR,4091.0,ELQ,2067.0,DOH,11051.0,0,320 319
QR,4091.0,ESB,1682.0,DOH,11051.0,0,320
QR,4091.0,FCO,1555.0,DOH,11051.0,0,333 320
QR,4091.0,FRA,340.0,DOH,11051.0,0,77L 788 77W
QR,4091.0,GOI,3007.0,DOH,11051.0,0,321
QR,4091.0,GRU,2564.0,DOH,11051.0,0,77L
QR,4091.0,GVA,1665.0,DOH,11051.0,0,320
QR,4091.0,GYD,2922.0,DOH,11051.0,0,320
QR,4091.0,HBE,3410.0,DOH,11051.0,0,320
QR,4091.0,HGH,3386.0,DOH,11051.0,0,332 333
QR,4091.0,HKG,3077.0,DOH,11051.0,0,332 333
QR,4091.0,HYD,Unknown,DOH,11051.0,0,321
QR,4091.0,IAD,3714.0,DOH,11051.0,0,77W
QR,4091.0,IAH,3550.0,DOH,11051.0,0,77L
QR,4091.0,ICN,3930.0,DOH,11051.0,0,333
QR,4091.0,IKA,4330.0,DOH,11051.0,0,320 321
QR,4091.0,IST,1701.0,DOH,11051.0,0,333 332
QR,4091.0,ISU,5952.0,DOH,11051.0,0,320
QR,4091.0,JED,2072.0,DOH,11051.0,0,788 333 77W 332
QR,4091.0,JFK,3797.0,DOH,11051.0,0,77W
QR,4091.0,JNB,813.0,DOH,11051.0,0,788
QR,4091.0,KHI,2206.0,DOH,11051.0,0,320
QR,4091.0,KIX,3992.0,DOH,11051.0,0,332
QR,4091.0,KRT,1175.0,DOH,11051.0,0,320 321
QR,4091.0,KTM,3125.0,DOH,11051.0,0,320 333
QR,4091.0,KUL,3304.0,DOH,11051.0,0,332 77W 333
QR,4091.0,KWI,2176.0,DOH,11051.0,0,320 321 77L 332
QR,4091.0,LCA,1197.0,DOH,11051.0,0,320
QR,4091.0,LHE,2207.0,DOH,11051.0,0,332 333 77W
QR,4091.0,LHR,507.0,DOH,11051.0,0,332 333 77W 788 346 77L
QR,4091.0,LOS,273.0,DOH,11051.0,0,333 332
QR,4091.0,LXR,1132.0,DOH,11051.0,0,320
QR,4091.0,MAA,3144.0,DOH,11051.0,0,333
QR,4091.0,MAD,1229.0,DOH,11051.0,0,77W
QR,4091.0,MAN,478.0,DOH,11051.0,0,332 333
QR,4091.0,MCT,2194.0,DOH,11051.0,0,E75 320 321 73J 332 788 73G 77L
QR,4091.0,MED,2074.0,DOH,11051.0,0,320 321
QR,4091.0,MEL,3339.0,DOH,11051.0,0,77W
QR,4091.0,MHD,4331.0,DOH,11051.0,0,320
QR,4091.0,MLE,3156.0,DOH,11051.0,0,320
QR,4091.0,MNL,2397.0,DOH,11051.0,0,333 77W
QR,4091.0,MUC,346.0,DOH,11051.0,0,788
QR,4091.0,MXP,1524.0,DOH,11051.0,0,332 320 333
QR,4091.0,NBO,4059.0,DOH,11051.0,0,320
QR,4091.0,NJF,7490.0,DOH,11051.0,0,320
QR,4091.0,NRT,2279.0,DOH,11051.0,0,77L
QR,4091.0,ORD,3830.0,DOH,11051.0,0,77W
QR,4091.0,OSL,644.0,DOH,11051.0,0,788
QR,4091.0,OTP,1657.0,DOH,11051.0,0,320 321
QR,4091.0,PEK,3364.0,DOH,11051.0,0,77W
QR,4091.0,PER,3351.0,DOH,11051.0,0,77L
QR,4091.0,PEW,2219.0,DOH,11051.0,0,332 333
QR,4091.0,PHL,3752.0,DOH,11051.0,0,77L
QR,4091.0,PVG,3406.0,DOH,11051.0,0,77W
QR,4091.0,RGN,3239.0,DOH,11051.0,0,319
QR,4091.0,RUH,2082.0,DOH,11051.0,0,788 333 321 320
QR,4091.0,SAH,3980.0,DOH,11051.0,0,320
QR,4091.0,SGN,3205.0,DOH,11051.0,0,332
QR,4091.0,SHJ,2191.0,DOH,11051.0,0,320 319 321
QR,4091.0,SIN,3316.0,DOH,11051.0,0,77W 788
QR,4091.0,SLL,2195.0,DOH,11051.0,0,320
QR,4091.0,SYZ,2157.0,DOH,11051.0,0,320 321
QR,4091.0,TIF,2090.0,DOH,11051.0,0,321 320
QR,4091.0,TRV,3153.0,DOH,11051.0,0,321
QR,4091.0,TUN,287.0,DOH,11051.0,0,320
QR,4091.0,TXL,351.0,DOH,11051.0,0,332 333
QR,4091.0,VCE,1551.0,DOH,11051.0,0,320
QR,4091.0,VIE,1613.0,DOH,11051.0,0,320
QR,4091.0,WAW,679.0,DOH,11051.0,0,320
QR,4091.0,YUL,146.0,DOH,11051.0,0,77W
QR,4091.0,ZRH,1678.0,DOH,11051.0,0,788
R3,1287.0,IKT,2937.0,NER,Unknown,0,DH4
R3,1287.0,KHV,2927.0,NER,Unknown,0,DH4
R3,1287.0,KHV,2927.0,NGK,Unknown,0,DH4
R3,1287.0,KHV,2927.0,OHH,7479.0,0,DH4
R3,1287.0,VKO,2988.0,NER,Unknown,0,73W
R3,1287.0,YKS,2923.0,NER,Unknown,0,A40
RA,3637.0,KTM,3125.0,DOH,11051.0,0,757
RG,5368.0,AZI,2180.0,ZDY,8962.0,0,ERJ
RJ,4259.0,AMM,2170.0,DOH,11051.0,0,319 E95 320
RJ,4259.0,AMM,2170.0,MRA,5804.0,0,E95 E75
RZ,2226.0,SJO,1885.0,TNO,5844.0,0,CNA
S5,4822.0,IMP,2572.0,BSS,Unknown,0,CNC
SD,4521.0,KRT,1175.0,DOH,11051.0,0,320 AB6
SG,4375.0,MAA,3144.0,TCR,9842.0,0,DH8
ST,2547.0,BRE,353.0,NBE,7447.0,0,319
SV,4533.0,DMM,2064.0,ISB,2223.0,0,74E
SV,4533.0,JED,2072.0,DOH,11051.0,0,320
SV,4533.0,JED,2072.0,ISB,2223.0,0,74E
SV,4533.0,MED,2074.0,ULH,8381.0,0,E70
SV,4533.0,RUH,2082.0,DOH,11051.0,0,320
SV,4533.0,RUH,2082.0,ISB,2223.0,0,74E
SV,4533.0,RUH,2082.0,ULH,8381.0,0,E70
T7,4965.0,MRS,1353.0,MLH,Unknown,0,BEH
TCX,4897.0,BFS,465.0,NBE,7447.0,0,321
TCX,4897.0,BHX,469.0,NBE,7447.0,0,752
TCX,4897.0,BRS,490.0,NBE,7447.0,0,320
TCX,4897.0,EMA,523.0,NBE,7447.0,0,321
TCX,4897.0,GLA,534.0,NBE,7447.0,0,752
TCX,4897.0,LGW,502.0,NBE,7447.0,0,752 321
TCX,4897.0,MAN,478.0,NBE,7447.0,0,321 753
TCX,4897.0,NCL,521.0,NBE,7447.0,0,752 321
TG,4940.0,BKK,3885.0,ISB,2223.0,0,333
TK,4951.0,ESB,1682.0,BGG,9272.0,0,738
TK,4951.0,ESB,1682.0,IGD,9043.0,0,738
TK,4951.0,IST,1701.0,BGG,9272.0,0,319
TK,4951.0,IST,1701.0,DOH,11051.0,0,738 321
TK,4951.0,IST,1701.0,IGD,9043.0,0,320
TK,4951.0,IST,1701.0,ISB,2223.0,0,738
TK,4951.0,IST,1701.0,MRA,5804.0,0,319
TO,8745.0,BHX,469.0,NBE,7447.0,0,75W
TO,8745.0,BRS,490.0,NBE,7447.0,0,75W
TO,8745.0,EMA,523.0,NBE,7447.0,0,73H
TO,8745.0,LGW,502.0,NBE,7447.0,0,73H
TO,8745.0,MAN,478.0,NBE,7447.0,0,73H
TO,8745.0,NCL,521.0,NBE,7447.0,0,73H
TOM,5013.0,BHX,469.0,NBE,7447.0,0,75W
TOM,5013.0,EMA,523.0,NBE,7447.0,0,73H
TOM,5013.0,LGW,502.0,NBE,7447.0,0,75W 73H
TOM,5013.0,MAN,478.0,NBE,7447.0,0,73H
TOM,5013.0,NCL,521.0,NBE,7447.0,0,73H
TU,4870.0,DUS,345.0,NBE,7447.0,0,736
TU,4870.0,FRA,340.0,NBE,7447.0,0,32A
TU,4870.0,HAM,342.0,NBE,7447.0,0,32A
TU,4870.0,MUC,346.0,NBE,7447.0,0,736
TU,4870.0,SXF,337.0,NBE,7447.0,0,319
TU,4870.0,TUN,287.0,MRA,5804.0,0,32A 320 319
TU,4870.0,ZRH,1678.0,NBE,7447.0,0,319
UA,5209.0,BAH,2057.0,DOH,11051.0,0,333
UA,5209.0,DXB,2188.0,DOH,11051.0,0,777
UA,5209.0,FRA,340.0,DOH,11051.0,0,333
UA,5209.0,LAX,3484.0,IGM,6132.0,0,BE1
UL,4349.0,CMB,3024.0,DOH,11051.0,0,332 343
UL,4349.0,KCT,6169.0,DIW,7562.0,0,CNC
UN,5067.0,DME,4029.0,NBE,7447.0,0,744
UN,5067.0,LED,2948.0,NBE,7447.0,0,763
UN,5067.0,SVO,2985.0,NBE,7447.0,0,744
US,5265.0,FRA,340.0,DOH,11051.0,0,77L 788 77W
US,5265.0,IAH,3550.0,DOH,11051.0,0,77L
US,5265.0,LHR,507.0,DOH,11051.0,0,333 77W 788 332 77L
US,5265.0,MAD,1229.0,DOH,11051.0,0,77W 772
US,5265.0,MAN,478.0,DOH,11051.0,0,332 333
US,5265.0,MUC,346.0,DOH,11051.0,0,788
V0,1886.0,CCS,2851.0,CBS,Unknown,0,ATR
V3,1669.0,FCO,1555.0,LUZ,8832.0,0,100
VA,5360.0,AUH,2179.0,ISB,2223.0,0,320 332
VN,5309.0,HAN,3199.0,VDH,4154.0,0,AT7
VN,5309.0,SGN,3205.0,THD,9135.0,0,321
VN,5309.0,SGN,3205.0,VDH,4154.0,0,321
VT,692.0,KHZ,Unknown,KXU,Unknown,0,ATR
VT,692.0,PPT,4075.0,RKA,Unknown,0,ATR
W3,20976.0,ABV,260.0,GMO,Unknown,0,CR9 DH4
W3,20976.0,ABV,260.0,QRW,6972.0,0,DH4
W3,20976.0,LOS,273.0,QRW,6972.0,0,DH4
W6,5461.0,BEG,1739.0,MLH,Unknown,0,320
W6,5461.0,LTN,492.0,LUZ,8832.0,0,320
W6,5461.0,SKP,1737.0,MLH,Unknown,0,320
W6,5461.0,TRF,664.0,LUZ,8832.0,0,320
W6,5461.0,TZL,Unknown,MLH,Unknown,0,320
WF,5439.0,BGO,636.0,FDE,4389.0,0,DH1
WF,5439.0,FRO,643.0,FDE,4389.0,0,DH1
WF,5439.0,OSL,644.0,FDE,4389.0,0,DH1
WN,4547.0,DAL,3502.0,BKG,6962.0,0,73W
WN,4547.0,HOU,3566.0,BKG,6962.0,0,73W 733
WN,4547.0,MDW,3747.0,BKG,6962.0,0,73W
WY,3778.0,MCT,2194.0,DOH,11051.0,0,E75 738 73G
WY,3778.0,MCT,2194.0,ISB,2223.0,0,738 73G
X4,Unknown,JNU,3492.0,EXI,7141.0,0,PA1
X4,Unknown,JNU,3492.0,KAE,7243.0,0,CNC PA2
XY,3754.0,JED,2072.0,ISB,2223.0,0,330
Y9,3148.0,DXB,2188.0,GSM,5712.0,0,F50 M80
YO,16150.0,NCE,1354.0,MCM,4264.0,0,NDE
Z3,1266.0,KLW,7205.0,CGA,7144.0,0,DHP
Z3,1266.0,KTN,3808.0,CGA,7144.0,0,DHP
Z3,1266.0,KTN,3808.0,HYL,7145.0,0,DHP
Z3,1266.0,KTN,3808.0,KWF,Unknown,0,DHP
Z3,1266.0,KTN,3808.0,MTM,7146.0,0,DHP
Z8,603.0,LPB,2762.0,RBQ,7317.0,0,SWM CRJ
Z8,603.0,TDD,2769.0,RBQ,7317.0,0,SWM
ZB,220.0,LGW,502.0,NBE,7447.0,0,321
ZB,220.0,MAN,478.0,NBE,7447.0,0,320 321
ZH,4611.0,CAN,3370.0,NTG,5475.0,0,320
ZH,4611.0,CKG,3393.0,NTG,5475.0,0,738
ZH,4611.0,CTU,3395.0,PZI,6435.0,0,319
ZH,4611.0,DLC,3404.0,NTG,5475.0,0,738
ZH,4611.0,PEK,3364.0,DDG,6433.0,0,737
ZH,4611.0,PEK,3364.0,DQA,9845.0,0,737
ZH,4611.0,PEK,3364.0,JGS,6428.0,0,737
ZH,4611.0,PEK,3364.0,NTG,5475.0,0,737
ZH,4611.0,SHE,4144.0,NTG,5475.0,0,738
ZH,4611.0,SZX,3374.0,NTG,5475.0,0,738
ZH,4611.0,TSN,3368.0,NTG,5475.0,0,320
ZH,4611.0,XMN,3383.0,NTG,5475.0,0,738
ZI,21.0,ALG,210.0,MLH,Unknown,0,320
ZI,21.0,CZL,221.0,MLH,Unknown,0,320
ZI,21.0,ORN,231.0,MLH,Unknown,0,319
ZI,21.0,QSF,6492.0,MLH,Unknown,0,320
ZK,2607.0,DEN,3751.0,EAR,6129.0,0,EM2
ZK,2607.0,LAX,3484.0,IGM,6132.0,0,BE1
ZK,2607.0,PGA,4124.0,IGM,6132.0,0,BE1
ZK,2607.0,PHX,3462.0,SVC,6135.0,0,BE1
