equipment,count
320,9180
738,7124
319,3420
737,2211
73H,2043
CRJ,1238
AT7,1194
73W,1155
321,1146
E90,1049
320 319,914
319 320,909
333,886
DH4,866
332,756
763,692
777,617
DH8,610
73G,571
733,560
330,525
ATR,512
ERJ,509
77W,502
SF3,438
CR7,424
757,420
ER4,396
320 321,377
321 320,366
CR9,361
717,333
735,325
CNC,316
CR2,314
M80,313
DHT,313
744,312
E70,312
CNA,303
772,293
100,284
752,274
738 73G,248
767,245
BEH,241
343,233
739,229
32S,208
DH3,206
DH1,203
788,199
BE1,196
75W,196
738 320,194
AT5,191
EM2,186
734,184
E95,183
773,170
AT4,167
E75,167
73H 73W,157
320 738,157
M88,155
73G 738,138
310,137
73W 73H,134
736,132
ER4 ERD,128
73W 73C,121
76W,119
F50,114
ERD,107
M82,101
388,101
764,98
M90,96
L4T,94
AN4,92
SWM,91
346,90
ERD ER4,88
S20,87
BH2,82
M80 M83,80
73C,80
320 321 319,79
J41,78
M83,78
319 320 321,75
318,74
313,73
EMJ,71
J32,69
320 E90,68
CRK,68
77L,66
739 738,65
332 333,64
320 319 321,63
CR9 CR7,63
73C 73W,60
DHP,59
AR8,59
BNI,58
738 737,58
321 320 319,58
DH2,57
333 332,57
ERJ CRJ,57
AB6,56
CR7 CRJ,55
340,55
CR9 CRJ,54
ER3,53
321 738,52
787,52
CRJ CR7,51
738 739,51
321 319 320,50
757 738,50
CR7 CR9,50
M83 M80,50
E90 320,50
73W 738,48
738 757,48
738 321,47
CRJ CR9,47
319 CRJ,47
AR1,46
73J,46
F70,46
73W 733,45
J31,45
744 777,43
319 321 320,42
D38,41
319 321,40
SU9,40
E95 E90,40
73W 73C 733,39
EMB,38
M90 M88,38
DH4 DH3,38
320 738 319,38
CRJ ERJ,38
321 319,38
ATP,38
737 738,37
E70 E90,37
75W 73H,37
PA2,36
32A,36
319 E90,36
DH1 DH2,36
732,36
BEC,36
PAG,35
CR9 CR2,34
388 77W,34
E90 E70,34
73H 75W,34
FRJ,34
332 330,34
319 738,33
CNT,32
320 737,32
332 343,32
146,31
E75 E70,31
738 73H,30
ERJ E70,29
AT7 AT4,29
73H 738,29
73M,29
747,28
73H 733,27
M88 M90,27
733 73H,27
763 757,27
737 320,26
YN7,26
738 319,26
AT4 AT7,26
E90 E95,26
320 DH4,26
73W 736,25
ER4 CRJ,25
738 734,25
333 343,25
32A 320,25
E90 319,25
77W 772,25
74E,24
772 77W,24
733 73W,24
320 332,23
738 E90,23
738 73W,23
737 EMJ,23
318 320,23
DH3 DH4,23
DH2 DH1,22
77W 388,22
ER4 CR7,22
YK2,22
32S 319,21
753,21
A81,21
73W 733 73C,21
320 CR9,21
E70 CRJ,21
320 330,21
AT7 DH3,20
DH4 E75,20
74M,20
738 AT7,20
143,20
E75 DH4,20
AT5 AT7,20
333 738,19
ER4 100,19
E70 CRJ E75,19
73H E90,19
73C 73W 733,19
E75 CR7,19
321 738 320,19
320 73G,19
E90 73G,19
DH3 DH8,19
763 777,19
E95 CR9,19
319 737,19
735 733,18
74H,18
320 321 738,18
PL2,18
330 332,18
CRA,18
,18
319 AR1,18
E70 E75,18
M83 738,18
CRJ E75,18
M80 M83 738,17
343 332,17
E75 CRJ,17
332 321,17
738 319 320,17
738 333,17
73G E90,17
73Q,17
333 744,17
319 CR9,17
M90 757,17
320 100,17
A40,16
CR7 ERJ,16
733 73W 73C,16
73C 735,16
ATR 738,16
100 DH4,16
73H 73J,16
E90 738,16
738 M83 M80,16
M80 320,16
ERJ CR7,16
763 738,16
380,16
CRJ E75 E70,16
773 777,16
77W 777,16
AR1 319,16
320 738 321,16
320 32A,16
757 320,15
320 333,15
M88 320,15
733 73C,15
734 319,15
M88 717 319,15
333 772,15
M90 757 M88,15
319 734,15
733 73C 73W,15
321 763,15
DH3 DH1,15
DH4 ER4,15
321 752,15
757 739,15
738 332,15
717 73G,15
733 738,15
733 735,15
738 733,15
BE1 DH8,15
738 763,15
DH8 DH3,15
738 320 319,14
CR9 E70,14
736 73W,14
320 E90 319,14
E90 320 319,14
737 733,14
320 318,14
SFB,14
762,14
757 M90,14
D93,14
332 320,14
AT7 AT5,14
YN2,14
744 333,14
321 332,14
320 738 73G,14
320 763,13
388 744,13
73H 73G,13
319 M88,13
77W 77L,13
M88 319,13
E90 73H,13
EMJ F70,13
CR7 E70,13
DH3 AT7,13
CRJ 319,13
BEH BE1,13
320 333 321,13
321 320 738,13
333 321 320,13
737 DH8,13
319 320 738,13
738 321 320,13
73C 733 73W,12
319 330,12
332 77W,12
CRJ ER4,12
E75 E90,12
739 73H,12
CRJ ERJ CR7,12
73H 320,12
73W 738 73H,12
AT7 738,12
321 320 E90,12
F70 EMJ,12
CRJ E70,12
319 CR7,12
735 73W,12
345,12
763 320,12
77W 332,12
BET,12
330 310,11
777 788,11
100 ER4,11
CRK CR9,11
333 320 321,11
319 E75,11
ER4 CRJ ERD,11
DH8 CRJ,11
330 320,11
E75 CRJ E70,11
AT7 319,11
CR2 738,11
321 330,11
32A 321 320,11
733 737,11
767 73H,11
321 32A,11
M82 100,11
M88 CR9,11
757 753,11
330 738,11
A58,11
320 319 E90,11
CRJ DH8,11
345 346,11
ERJ CRJ CR7,10
CR7 ER4,10
ATR DHT,10
733 AT7,10
757 763,10
738 M80,10
763 764,10
CNA CNC,10
73J 73H,10
319 DH4,10
73G 738 320,10
736 32A,10
M80 319,10
346 343,10
738 763 757,10
333 320,10
321 333,10
73H E90 73W,10
738 320 321,10
73W DH8,10
BNT,10
EMJ 737,10
32S 757,10
DH2 DH3,10
CR9 319,10
73H 73W 738,10
773 772,10
DH4 DH2,10
DH8 BE1,10
ER3 J41,10
737 767,10
ER4 DH4,10
319 32S,10
73W 73H 738,10
717 M88,10
M88 M90 757,9
CRJ M88,9
73W DH4,9
320 AT7,9
ATR 737,9
DH8 73W,9
DH3 DH4 DH8,9
100 M82,9
767 777,9
100 F70,9
CR9 E95,9
CR2 CR9,9
32A 320 319,9
73H 739,9
320 73H,9
E70 CR9,9
333 346,9
CR9 73G,9
319 318 320,9
DH8 737,9
777 767,9
310 330,9
E70 CR7,9
CR9 E75,9
717 319,9
319 AT7,9
M87,9
CRA CRJ,9
CRJ 735,9
320 318 319,9
333 77W,9
DH3 BEH,9
DH4 735,9
320 738 739,9
100 320,9
320 319 CR9,9
77W 333,9
330 321,9
772 744,9
320 757,9
AT7 E95,9
E95 E75,9
ERD ER4 CRJ,9
M88 717,9
737 735,9
IL9,8
E70 320,8
320 AR1,8
319 320 CRJ,8
CR7 ERD,8
764 77L 76W,8
E70 320 321,8
E75 E70 CRJ,8
T20,8
M90 M88 319,8
M88 320 319,8
32S 320 319,8
BE9,8
73W 735 73C,8
DHT YN2,8
772 763,8
DH4 319,8
319 734 320,8
DHT DH8,8
E75 738 73G,8
734 E95,8
EM2 ER4,8
TU5,8
73Q 734,8
73G 320,8
763 321,8
738 CR2,8
319 320 E90,8
734 320,8
320 100 319,8
CR7 E75,8
343 333,8
757 32S,8
73H 717,8
M80 DC9,8
73W 735,8
73J 739,8
DH8 DHT,8
319 A81,8
CR9 M88,8
32S 321,8
73H 767,8
DH7,8
321 320 32A,8
74M 747,8
ERD CR7,8
319 E95 320,8
320 E70,8
320 M88,8
BEH PL2,8
777 744,8
777 773,7
73C 733,7
320 73G 738,7
AB6 320,7
735 734,7
EMJ E90,7
CRJ ERD ER4,7
CR9 320,7
332 73H,7
738 752,7
772 773,7
DH3 CRJ,7
735 738,7
744 388,7
AR1 AR8,7
739 738 320,7
319 320 100,7
738 M80 M83 757,7
E90 319 320,7
772 330,7
32S 320,7
318 319,7
319 738 320,7
320 32S,7
E75 E95,7
E75 CR9,7
100 M82 AB4 320,7
AT7 100,7
100 AT7,7
757 763 738,7
738 320 73G,7
320 319 AR1,7
AT4 FRJ,7
340 330,7
AT7 321,7
E90 ERJ,7
M83 M80 738,7
DH4 73C 735,7
734 73Q,7
734 733,7
E95 AT7,7
737 M80,7
CR7 CRJ CR9,7
763 757 738,7
738 CRK,7
717 M88 319,7
736 738,7
AT7 320,7
320 332 321,7
32A 321,7
SF3 BE1,6
73M 733,6
SH6,6
744 343,6
D28,6
321 320 330,6
738 M80 M83,6
738 73H 73W,6
M83 F50,6
320 32A 319 321,6
320 733,6
CRJ CR7 ERJ,6
738 330,6
319 32A,6
319 E90 320,6
735 E90,6
764 777,6
M90 320,6
ATR AT4,6
330 737,6
74L,6
77L 77W,6
M83 738 M80,6
DH3 DH2,6
773 77W,6
777 763,6
DH1 DH3 DH2,6
M82 M80,6
330 777,6
752 320,6
319 733,6
734 735,6
CN2,6
772 738,6
73C 73W 73H,6
735 73W 73C,6
777 77W,6
CRJ ATR,6
333 321,6
ARJ,6
734 319 320,6
73W 73C 73H,6
320 332 343,6
734 738,6
738 M83,6
346 343 332,6
333 330,6
AR1 320,6
735 DH4,6
767 738,6
739 320,6
764 767,6
ER4 CR7 ERD,6
CNC CN1,6
J41 S20,6
752 321,6
319 73W,6
TU3,6
320 734,6
763 772,6
DH4 EM2,6
E70 E90 CR7,6
320 319 738,6
AT7 73H,6
77W 330,6
CRJ DH3,6
E90 E75,6
320 319 734,6
319 73G 738,6
100 319,6
739 320 738,6
738 310,6
ER4 ERJ,6
CRK CR7,6
763 737,6
CRK CR9 CR2,6
CR9 AT7,6
738 757 763,6
320 M88 319,6
DH8 73M,6
738 763 757 M83,6
76W 77L,6
DH4 F70,6
DH1 DH3,6
CR7 ERJ CRJ,6
788 744,6
AT7 ATR,6
330 77W,6
142,6
757 M90 M88,5
735 CR2,5
BE1 BEH,5
M83 M80 319,5
ERD CRJ ER4,5
73H 73W 736,5
73H 73G 738,5
DC9,5
73W 73H 736,5
73W 73C 733 73H,5
318 319 320,5
77W 744,5
744 77W 777,5
ATR AT7,5
YN2 BNI,5
M88 319 717,5
752 73G,5
739 738 73H,5
CR7 CRJ ERJ,5
ERJ CRJ E70,5
E90 320 321,5
733 734,5
321 320 332,5
737 319,5
332 320 343,5
ERJ CR7 E70,5
ERJ ER4,5
738 320 73G 319,5
BEH DH3,5
753 757,5
73G 73H,5
757 739 M90 738,5
73H 73Q,5
CNC CNA,5
CNC BE1,5
735 73C,5
73C DH4 735,5
320 E90 321,5
73G DH4,5
D1C,5
SF3 DHT,5
321 777,5
319 320 734,5
320 767,5
321 333 320,5
330 343,5
736 73H 717,5
738 767,5
73H 76W,5
E90 AT7,5
J32 PL2,5
E75 E95 E70,5
738 73G E90,5
738 319 73G,5
319 320 DH4 738,5
763 744,5
E95 319 CR9,5
E90 73G 738,5
738 73G 319,5
CN1,5
E75 ER4 CR7,5
757 M88 M90,5
343 346,5
E90 733,5
737 F70 EMJ,5
320 752,5
733 320,5
319 738 73G,5
321 320 333,5
332 777,5
737 EMJ F70,5
319 332 320,5
321 32A 320,5
ER4 E75,5
M80 738,5
ERD ER4 E75,5
732 733,5
DH4 DH8 DH3,5
777 310,5
310 73H,5
73H 763 739,5
M88 M90 319,5
M88 757 M90 73H,5
767 757,5
320 321 32A,5
763 788,5
753 738,5
CR9 319 320,5
M80 737,5
I14 320,5
ERJ E90,5
ERD CRJ,5
E70 E75 CRJ,5
CRJ E70 E75,5
M88 757,5
757 320 M88,5
321 318 319 320,5
320 319 318,5
388 772,5
320 738 737,5
CR7 M88,5
763 739 757,5
PL2 BEH,5
M88 319 320,4
ATP SF3,4
318 320 319,4
767 320 319 321,4
321 AT7,4
CR9 CR2 319,4
321 E90 320,4
M80 F50,4
EMJ E70,4
737 EMJ E70 ERJ,4
346 345 333,4
CR9 717,4
320 333 346,4
733 319,4
73H 763,4
CNC PA2,4
ER4 ERJ CR7 CRJ,4
 CNA,4
763 73H,4
73G AT7 738,4
SWM AT4,4
73H 310,4
310 737,4
738 32S,4
MA6,4
E75 E95 320 319,4
739 321 738,4
757 M90 320,4
AT7 AR1,4
321 330 332,4
321 E90,4
73G 73W,4
321 320 32A 318,4
ERJ EMJ,4
AT7 73W 739 738,4
DH4 100,4
M11,4
E75 ERJ,4
100 DH4 F70,4
318 321,4
F70 100,4
ER4 AT5,4
ER4 CR7 E70,4
320 321 DH4,4
73W 73G,4
ERJ ER4 CRJ,4
320 321 332,4
321 320 DH4 319,4
321 DH4 320,4
DH4 320,4
320 DH4 321,4
E70 E90 AR8,4
738 737 320,4
73W 733 73H,4
E90 100,4
737 321,4
73C 73W 733 73H,4
763 320 772,4
F50 DH8,4
735 DH8,4
E95 E75 319,4
333 321 77L 763,4
767 320 737,4
E90 AR8 E70,4
733 735 73C,4
735 E75,4
320 E70 321,4
332 772 388 343,4
E90 CRK,4
346 333,4
73W 319,4
YK4,4
321 E70,4
738 320 E70,4
330 319,4
DH4 CRJ,4
738 320 739,4
FRJ AT4,4
73W 73H 733 73C,4
320 739,4
ER4 CRK,4
717 CR9,4
346 343 744,4
M80 738 M83,4
M88 738 319,4
757 319 320,4
318 320 319 32A,4
E75 CR2,4
320 319 321 767,4
738 733 73H,4
752 75W,4
763 739,4
73W 733 73C 73H,4
DH4 F70 100,4
ATR E90,4
321 319 320 318,4
319 32S E75 321 E90,4
735 CRK,4
EM2 CRJ,4
757 M90 738,4
319 320 ER4,4
320 319 737,4
E90 319 321 320,4
73W ,4
100 AR1,4
AR1 100 320,4
738 73W 319,4
757 M88,4
319 320 CRK,4
320 739 738,4
321 320 319 32A,4
320 32S 319,4
CR9 320 321 319,4
F50 AR8,4
AR8 F50,4
CR7 ERJ E70,4
73H AT7,4
321 739 738,4
AT5 SF3,4
CR9 E95 CR7,4
319 320 E95,4
32S E75 319,4
342,4
752 777,4
319 AR1 DH4,4
737 DH4,4
320 321 32A 319,4
332 772 773,4
CNC PL2,4
319 320 737,4
738 319 739,4
320 CR9 321 319,4
320 SU9 319,4
A81 319,4
CR7 ER4 ERD,4
77W 773,4
332 773 772,4
319 E90 E75,4
DH4 73C 733,4
73W 752,4
321 320 32A 319,4
CR7 E90,4
ATR 319,4
735 CR7 733,4
DH4 CR7,4
73H 73W E90,4
E90 73H 73W,4
319 321 32A 320,4
333 763,4
M90 717,4
73G 73W 738 736,4
CR7 CR2,4
320 CR2 321 319 CR9,4
738 ATR,4
764 752 763,4
717 319 M88,4
738 73G 73H,4
767 320,4
DH4 AR8 ER3 CR7,4
321 319 767 320,4
75W 75T,4
319 AR1 320,4
AT4 ATR,4
738 319 320 739,4
753 739,4
AR8 AR1,4
738 CR7,4
777 332,4
744 346,4
M90 321,4
32A 736,4
73W 736 73H,4
73H 717 73W 736,4
M80 738 M83 757,4
32B 762,4
320 M80,4
NDE,4
752 320 321,4
736 319,4
319 736,4
320 AB6,4
332 738,4
738 332 333,4
332 744,4
736 717 73W 73H,4
32S 319 E90 E75,4
E75 100,4
320 319 332,4
752 763,4
772 333,4
773 744,4
788 77W,4
CR7 ATR,4
DH4 73G,4
E75 E95 733,4
BE1 SF3,4
CNJ,4
752 753,4
E70 319,4
737 73G,4
735 DH4 73C,4
M88 738,4
320 M90,4
319 M80 M83,4
CR9 CRK CR2,4
320 32A 319,4
AT7 E90 E95,4
AT7 CR2,4
CR2 AT7,4
AT7 E90,4
M82 100 320,4
PA1,4
DH4 E95,4
320 E90 757 319,4
73H 73J 739,4
32S 319 321 320,3
ERJ CR7 CRJ,3
ER4 CRJ ERJ CR7,3
ER4 ERJ CRJ,3
320 319 AT7 318,3
77W 346,3
EM2 CR7,3
SF3 S20,3
73J 734,3
737 330 320,3
738 787,3
321 737,3
319 320 739 738,3
CRJ CR9 717 CR7,3
777 ,3
320 319 739 738,3
739 757,3
739 763,3
738 73H 73G,3
736 73H 73W 73G,3
73H 738 73W,3
M88 717 320 319,3
CRK 319 321 320,3
319 CRK,3
AT7 318,3
320 318 AT7 319,3
DH8 BET,3
73W 733 73H 73C,3
74E AB6,3
320 321 319 32A,3
77W 744 772,3
321 772,3
319 73G,3
738 737 321,3
ERJ DH4 E70,3
73H 733 73C 73W,3
ERJ DH3 DH2,3
73W 73H 73C 733,3
320 330 321 343 332,3
717 73W AT7,3
E70 AR8,3
319 321 320 318,3
SF3 EMB,3
E95 320,3
73W 73C 73H 733,3
DH1 DH4,3
DH4 ERJ CRJ,3
M88 73W,3
735 CRJ,3
73W 735 73C 733,3
73W 733 735,3
318 733,3
73C 73W 738 73H,3
73W 73H 733,3
73W 738 73C 733,3
717 M88 CR9,3
CR7 M88 CR9,3
73G 73W 736,3
738 73W 73H,3
DHT BE1,3
ERJ DH4 CRJ,3
757 76W 763 739,3
DH4 73C,3
SU9 320,3
M88 320 M90,3
CNA DHT,3
330 340,3
321 77W,3
738 73W 736 73H 73G,3
CR9 DH4,3
320 SU9,3
73W E90 73H,3
F70 E90,3
E70 ERJ CR7,3
DH3 DH2 ERJ,3
332 321 330,3
ER4 738,3
320 734 319,3
CRK AT7,3
DH4 319 73G,3
320 ATR 319,3
M88 73W 717 319,3
M88 738 319 320 717,3
AT7 S20,3
757 320 73H,3
734 73G,3
734 73G 73H,3
739 76W 757,3
73H 736 73W 73G 717,3
AT5 AT4,3
763 757 73H 76W,3
74E 738,3
M80 ER4,3
321 320 77W,3
738 736,3
M80 ER4 M83,3
ER4 M80,3
73G 319 738,3
330 773,3
320 321 319 734,3
321 32S,3
BE1 CNC,3
M88 757 320,3
753 321,3
738 73G 320,3
73H 75W 76W,3
320 717,3
321 32S 319,3
E95 AT7 E90,3
E90 AT7 E95,3
E90 F70,3
321 32S 320 319,3
737 F70 E90,3
734 320 319,3
763 777 744,3
CR7 ERJ CRJ E70,3
E75 DH4 E95,3
73W M88,3
767 737,3
320 735,3
DH8 735,3
73G 732,3
732 73G,3
321 757,3
CRJ E70 CR9 E75,3
787 767 320,3
DC9 M80,3
752 319 320,3
737 320 319,3
E75 CR7 ER4,3
735 737,3
E90 321,3
772 767,3
ER4 ERD CRJ,3
D38 BEH DH3,3
DH8 CRJ DH3,3
77W 772 332 773,3
319 100,3
772 332,3
DHT YN2 BNI,3
332 772,3
333 321 332,3
CRJ CR7 CR9,3
788 77L,3
333 320 332,3
319 32A 320,3
73N,3
E90 CR7,3
32A 319,3
738 DH8,3
333 773,3
DH4 320 319,3
738 E70,3
346 77W,3
M83 M80 738 757,3
77L 777,3
752 73H,3
CR9 CR7 CRJ,3
319 320 321 767,3
343 330,3
772 738 333,3
346 77W 320,3
321 738 320 319,3
73W 738 73C,3
73H 73W 73C,3
735 73W 73C 733,3
73C 73W 735,3
DHL,3
319 100 F70,3
73G 320 738,3
M90 738,3
332 320 77W,3
757 777 763 738,3
73G 319,3
380 744,3
M80 319 M83,3
773 77W 777,3
757 M80,3
M80 757,3
310 ATR,3
319 E70,3
330 321 332,3
76W 777,3
CRK 738,3
738 772,3
321 73G 738,3
73H 737,3
DH1 SFB,3
763 320 319,3
319 763,3
E95 E75 E70,3
320 767 319,3
SFB DH1,3
CRJ EM2,3
764 763,3
738 763 73W,3
DH4 100 F70,3
343 763,3
763 E90 E70,3
73H 752,3
77W 744 777,3
DH8 CR7 CRJ,3
320 321 319 737,3
CR7 319,3
321 320 737 319,3
CR9 CRK,3
DH3 AT4 AT7,3
M82 100 AB4,3
319 752 738 M88 73H,3
310 330 320,3
CR7 ER4 E75,3
M82 320,3
313 320,3
F50 100,3
320 310,3
73H E70,3
DH3 BEH AT7,3
320 321 333,3
77L 788 77W,3
M88 73W 738 319,3
SF3 ATP,3
773 320,3
E95 319,3
CR9 319 CR2,3
M80 TU3,3
DH4 CR9,3
76W 73H,2
739 734 73H 73G,2
E90 ER4,2
735 E90 DH4,2
E90 735,2
E90 ER4 735,2
E90 DH4 ER4 735,2
735 E90 EM2,2
ER4 E90,2
735 E90 ER4,2
739 319 320 738,2
321 739 738 320 319,2
320 319 73W,2
73W 738 319 320,2
319 73W 738 320,2
320 73W 319 738,2
738 321 319,2
321 343 330 332,2
332 738 739 321,2
AT7 320 318 319,2
AT5 ER4,2
738 744,2
AT7 738 73G,2
738 AT7 73G,2
333 346 332,2
320 73H 757,2
738 321 330,2
73W 739 738,2
321 738 739,2
320 737 330,2
E90 319 320 321,2
318 AT7,2
320 E90 318,2
320 AT7 318 319,2
73W 738 320 321,2
320 738 319 321 73W,2
738 739 330,2
738 33X,2
319 73W 738,2
738 73W 320 319,2
319 738 321 320 73W,2
330 332 343,2
320 321 319 767,2
320 32B 321,2
E90 ATR,2
320 738 321 739 319,2
321 738 320 319 739,2
738 321 343 320 330,2
738 319 321,2
321 738 320 739 319 73W,2
343 321 320 330,2
320 738 330 319 739 321 343 73W 77W,2
E90 E70 AT7,2
319 32B,2
333 788,2
320 32B,2
321 320 32B,2
CR2 733,2
319 321 32B,2
32B 320 321,2
321 32B,2
73G 738 320 319,2
321 320 32B 319,2
321 320 319 100,2
319 320 343,2
757 333 346,2
321 320 100 319,2
333 757 346,2
330 AB6 333,2
747 346,2
32S AB6,2
773 380,2
333 32S,2
380 346,2
321 753,2
753 752,2
752 321 753,2
753 752 332,2
ER4 J41 S20,2
319 ER3,2
737 E90,2
E90 737,2
333 763 346,2
763 333 346,2
346 320,2
E90 E75 32S 319,2
739 757 738,2
100 F50,2
321 320 E70,2
777 772,2
AB6 74E,2
E70 321 320,2
320 321 E70,2
321 333 777 320 773,2
321 333 773 777 320,2
74E 772 773,2
320 772 333,2
320 74E 772,2
333 772 744,2
320 321 319 738,2
32S 319 320,2
318 AT7 AT5,2
744 787,2
332 388 772 343,2
32S 321 319,2
319 E75 320 32S E90,2
752 319 738 757 M88,2
SU9 319,2
330 333,2
773 388 772,2
388 772 773,2
77L 763 77W 333,2
763 319,2
763 77W,2
738 320 737 319,2
CRJ BEH,2
321 32S 320,2
32S E75 319 E90,2
319 E75 E90 32S,2
321 32S 319 320,2
32S 321 320,2
E75 E90 32S,2
E90 32S E75 319 320,2
32S 319 320 E75,2
333 77W 388 773,2
77W 773 388 333,2
772 333 763,2
DH2 DH4,2
319 F70 320,2
73W 733 73H 318,2
E95 319 CR9 320,2
AR1 319 320,2
AR1 319 DH4,2
333 777,2
320 32S 321,2
73G 738 736,2
73H 73G 73W,2
73W 73G 736 738 73H,2
73W 73G 736,2
738 73G 73W,2
738 73W 73H 73G 736,2
73G 738 73W,2
CRJ 733,2
735 CRJ E95 733,2
E75 733 735,2
737 E90 F70,2
321 320 319 CR9,2
320 321 319 717 CR9,2
319 CR9 717,2
320 32A 319 321 CR9,2
738 73W 73G 73H 736,2
717 73G 736 73W 73H,2
73W 73H 736 73G,2
717 73W,2
73H 736 73W,2
S20 736,2
736 717 73H 73W,2
73W 73H 717 736,2
73W 73H 736 73G 717,2
J31 FRJ,2
332 M90,2
332 321 738,2
F28 CRJ,2
F28,2
735 CRJ E75,2
CRJ E75 E95,2
733 E75,2
738 320 321 319,2
738 320 332 321,2
AR8 E70,2
FRJ J31,2
736 AT7 73W,2
73G 73H 73W 736 717,2
73W 73H 717 736 73G,2
717 73G 73H,2
73H 736 717 73W,2
73H 73G 736 73W 717,2
736 73W 717,2
736 738 73G 73H,2
320 319 321 CR9,2
717 73W 736,2
73H 738 73G,2
388 777,2
736 S20 73W 717 73H AT7,2
736 73G,2
736 73W 73H,2
AT7 320 CR2,2
763 332,2
YK2 320,2
767 319 320,2
E90 319 E70,2
313 772 D1C 738,2
313 772,2
SF3 D38,2
ER3 AR8,2
DH4 J41,2
AR8 DH4 ER3 J41,2
332 342 320 738,2
CR2 ER3 AR8 CR7 DH4,2
319 ER4 DH4,2
738 332 343,2
343 346 332,2
DH4 AR8 CR2 ER3 CR7,2
CR2 ER3,2
73C DH4,2
733 DH4 735 73C,2
74E 321 332,2
321 77W M90 744 332,2
332 M90 744,2
ER4 ER3,2
738 332 320,2
73G 319 DH4,2
320 321 73G,2
332 738 321,2
332 738 321 320,2
321 734,2
73C 735 DH4 733,2
73C 733 735,2
DH4 735 73C 733,2
73C DH4 735 733,2
CR2 ER3 AR8,2
DH4 CR2,2
320 321 763,2
319 734 738,2
734 319 320 738,2
319 100 320,2
100 320 ER4 319,2
319 ER4 100,2
321 332 M90 744,2
319 320 738 737,2
340 330 321,2
738 AT7 73H,2
73H 738 AT7,2
73H 739 738,2
738 73W 73G 73H 739,2
AT7 73H 738,2
318 73W 733,2
310 733,2
738 343,2
744 340 77W,2
738 772 321,2
333 77W 744,2
777 330 738,2
CR9 ,2
332 319,2
733 318,2
73W 318,2
319 E75 E95,2
E95 321 320 330,2
321 738 332,2
DH4 319 738 320,2
738 332 321,2
73G 738 321 320 319,2
333 E90 738,2
333 744 738 343,2
744 738,2
320 340,2
E75 320 E95 340,2
320 340 321,2
73G 73J,2
321 E95 320 E75 319,2
320 E75 319 E95,2
319 E95 E75,2
320 E75 E95,2
ER4 M83 M80,2
E95 319 E75,2
320 E95 E75 319,2
320 E95 E75,2
142 141,2
SU9 DH4 73W,2
141,2
143 146,2
142 146,2
E70 CRJ M87,2
319 320 318,2
744 333 343,2
333 738 744,2
333 738 343,2
772 333 343 77W 773,2
333 77W 343,2
77W 343,2
333 773 343 77W,2
T20 320 A58 319,2
E90 738 73G,2
73G 738 E90,2
73G E90 738,2
320 346 332 77W,2
M82 DC9,2
773 343 772,2
333 773 772 77W 343,2
DH4 A40,2
788 333 321 320,2
332 320 333,2
320 321 77L 332,2
788 333 77W 332,2
73G 333 738,2
332 77W 333,2
788 321 77W 333 320 332 319,2
77L 77W 333 320,2
320 321 319 333,2
77W 333 332 77L,2
332 333 73H,2
717 DH4,2
73H DH4,2
332 77W 772,2
DH4 DH3 DH8,2
332 333 763 73H,2
738 E75 332 73G 333,2
DH4 717 DH3,2
M90 M88 757,2
717 73H,2
73G 738 319 320,2
738 320 E90 73G,2
738 733 73G,2
773 333,2
DH8 320,2
DH3 320,2
100 737,2
AT7 E70,2
CRJ AT4,2
CNC BNT,2
734 732,2
321 738 320 73G,2
73G 320 321,2
738 737 320 321,2
73J 73H 738,2
738 E90 319,2
320 321 73G 319,2
320 330 737,2
733 738 320,2
AT7 BE1,2
320 CRJ,2
D38 DH3,2
E90 73G 735,2
340 330 320,2
73N 73R,2
763 32B,2
321 332 320,2
320 319 757 321,2
M83 320 321 738,2
757 320 319,2
321 320 319 737,2
321 320 332 752,2
738 320 752,2
73G 735,2
320 734 738,2
73R 73N 734,2
734 736,2
73R,2
321 752 332,2
343 744,2
321 752 320,2
310 737 320,2
737 73H,2
752 321 332,2
73G 321 738,2
738 E90 73G,2
73J 320,2
737 321 319 320,2
320 73H 737,2
321 32A 318 320,2
319 M88 717,2
ATR 310 737,2
CR9 CR7 M88,2
737 ATR,2
777 320 73H,2
CRJ M88 319,2
M90 717 757 319 M88,2
757 763 739,2
333 AB6 767 320 321,2
321 738 733 320,2
321 767 333 320 AB6,2
73H M90 M88,2
AT4 J32,2
PL2 J32,2
DH7 DHT,2
J32 J41,2
J41 J32 732,2
J41 732,2
77L 744,2
333 772 321,2
763 333 738,2
321 77W 772,2
739 73H 738,2
M88 739 320,2
757 73H 739 738,2
717 CR9 M88 CRJ,2
738 321 733 320,2
320 M88 M90,2
752 738,2
752 333,2
739 AT7 738,2
744 77L,2
320 763 321,2
321 320 734 735,2
AT7 739 738 73H,2
772 343,2
SF3 ,2
BET DH8,2
320 100 F70,2
717 M88 CRJ,2
M88 CR7 CRJ,2
73C 735 DH4,2
763 767,2
320 319 100 321,2
73W M88 738 319,2
M11 333 747 74M 332,2
CRJ 73W,2
333 76W,2
767 738 757,2
32S 738,2
320 319 100,2
100 F70 319,2
F70 DH4,2
318 321 320 319,2
320 319 321 100 CR9,2
73W 73H 73C,2
767 763,2
320 717 319,2
320 757 M88 738 739 73H 73W,2
M88 ,2
M88 73H 320 738  319,2
757 M90 739,2
319 738 E70,2
733 73W 73C 73H,2
CR7 CRK ER4,2
73W 73C 738,2
73W 73C 733 738,2
73W 738 733,2
73W 73H 733 73C 738,2
73W 733 73C 73H 738,2
733 73W 73H 73C,2
319 318 320 32A 321,2
318 319 320 32A,2
100 319 F70 320,2
319 AT7 AT4,2
M90 757 M88 320 319,2
320 73H 319 738,2
738 73H 757,2
757 738 73H,2
738 73W 73G,2
100 318,2
318 319 100,2
318 321 320 32A,2
772 320 763 773,2
73G TU5,2
330 321 320,2
73W 73C 735,2
73C 73H 73W,2
320 772 763,2
73H M88,2
73W 73C 73H 738,2
M88 319 320 M90 ERJ,2
73W M88 738,2
M90 757 320,2
320 734 333,2
320 318 319 32A 321,2
735 320,2
787 320 767,2
763 77L 74E 772 321,2
CR7 DH8,2
735 733 73W,2
737 735 DH8,2
321 318 320 32A,2
737 320 738,2
744 763,2
788 763,2
767 787,2
E90 DH3,2
M88 738 320 319,2
320 319 321 E90,2
738 M88 319,2
738 757 320,2
787 767 738,2
772 787 767,2
346 788,2
772 767 320 787,2
DH2 DH3 DH1,2
787 772 767 320,2
DH4 DH2 DH3 DH1,2
735 738 737,2
738 E90 763,2
735 CRJ DH8 CR7,2
319 318 320 321,2
76W 764,2
764 76W,2
319 M88 320,2
320 ATR,2
CRK E70 ER4,2
AT5 CRJ,2
ER4 CRJ CR7,2
E70 ER4,2
E70 CR7 E90,2
777 76F,2
737 763 735,2
ATR YN2 DHT BNI,2
772 333 330,2
CRJ 320,2
717 ERJ,2
757 320 753,2
CR9 CR7 E75,2
CRJ 319 320,2
YN2 DHT,2
BNI YN2,2
738 320 737,2
333 767 77W,2
333 77W 767,2
332 320 767,2
CRJ 738 DH4,2
333 767,2
737 733 320,2
320 EMB,2
73G CR9 DH4,2
737 F70,2
73G CR9,2
ATR CRJ,2
738 E70 735 321,2
E75 CR9 E70,2
744 76W 333,2
320 717 M88 319,2
752 M88 73H 738,2
738 333 330,2
738 E70 320,2
320 738 E70,2
321 E70 735,2
321 320 319 318 32A,2
E90 73W F70,2
CRJ 717,2
343 AT7 319 332,2
343 319,2
319 343,2
333 76W 77W,2
73H 752 757,2
752 757,2
74Y,2
764 330,2
76W 752,2
330 777 321,2
CR7 ER4 E70,2
E70 CRK ER4,2
E90 73H 100,2
CR7 CRK,2
343 320 332,2
333 320 319,2
E90 73H 100 320,2
73H 738 73J,2
DHT AT7,2
CR7 E75 E70,2
319 M88 738,2
M88 757 320 738 739 73W,2
772 77W 388,2
738 757 73H,2
AT7 733,2
DHT AT5,2
AT5 DHT,2
ATR FRJ AT4,2
738 73G 763,2
739 763 738 73G 772,2
738 763 739 772 744,2
763 744 738,2
738 739 763,2
320 32A 319 321 AR1,2
E75 E70 CR7 CR9,2
320 319 M88 ERJ,2
319 320 330 ATR,2
763 73H 320 772,2
CRJ E90,2
CRJ ATR E90,2
AT7 738 77W,2
319 320 CR9 321,2
100 320 AR1,2
320 32A 100 319,2
F70 319 100,2
319 320 AR1,2
320 AR1 100 321,2
320 AR1 32A 319,2
AR1 100 320 319,2
738 77L,2
CR2 E75,2
752 733,2
75W 73H 752,2
733 738 73H,2
752 733 73H 75W,2
733 73H 738 75W,2
75W 738,2
75W 733,2
738 752 75W,2
733 73H 752,2
752 73H 75W,2
73C 733 752 75W,2
M88 M90 320 319,2
320 319 752 321,2
321 320 319 734,2
M90 319 320 M88,2
320 M90 M88,2
M90 753 738,2
75W 733 73H,2
319 321 320 E90,2
319 DH3 E90,2
736 ATR,2
75W 733 752 73H,2
319 M88 CRJ 717,2
752 75W 733,2
73H 733 752 75W,2
757 320 M90,2
752 75W 73H,2
75W 752,2
319 343 AT7 332,2
E70 E75 DH4,2
M90 M88 73H,2
E75 734,2
DH8 CRJ E75 E70,2
738 320 E90 319,2
DH4 E95 E75,2
E70 DH4 E75,2
E75 E95 734,2
E95 E70,2
E70 DH4,2
738 E90 320 319,2
F70 DH4 100,2
734 E75 E95,2
CR7 32A 321,2
735 733 321 32A 319,2
E95 734 E75,2
E95 734,2
E95 E75 734,2
AT7 DH3 AT4,2
ER4 100 319,2
777 388,2
332 762,2
319 321 320 734,2
ATR 319 320,2
321 788,2
AT4 DH3 AT7,2
319 744,2
752 332 321 319,2
CR7 CR9 E95,2
AR1 100,2
CR9 CR7 E95,2
752 319,2
319 E95,2
752 762,2
319 321 320 E95,2
319 752 321 320,2
773 77W 772,2
320 321 330 332,2
319 CRJ CR7,2
320 734 321 319,2
321 320 734 319,2
DH3 CRJ DH8 CR7,2
73G 772,2
321 320 734,2
763 777 752,2
738 319 318 320,2
M90 738 757,2
321 32A 319 320,2
CRJ E75 DH8 E70,2
763 74E,2
100 AR1 320,2
74E 767,2
DH4 737,2
73H 73G 763 738,2
CR7 E75 ER4,2
733 744,2
321 738 M83 320 M80,2
320 321 319 E90,2
ER4 ERD E75 CR7,2
321 320 E90 319,2
ER4 CR7 E75,2
DH8 DH4,2
733 744 763,2
321 320 737,2
CR9 E75 CR7 CRJ E70,2
738 777,2
734 763,2
T20 744,2
E75 CRJ E70 CR9,2
734 772,2
763 734 772 744,2
32A 319 733 321,2
733 E90 735 319 320 321,2
77W 773 772,2
320 333 343,2
320 738 333,2
772 77W 332,2
E95 E90 E75,2
772 77W 773 332,2
320 343,2
772 773 332,2
332 320 321,2
320 319 738 73G,2
319 739 320 738,2
777 763 757 738,2
737 763,2
320 73G 319,2
77L 738 788 763,2
319 739 320,2
320 321 E90 319 32A,2
321 E90 320 319 32A,2
733 32A,2
CR7 32A,2
321 32A 319,2
321 733 32A 320,2
752 320 739 738,2
74H 744,2
319 735 CR7 321 733 E90 32A 320,2
320 319 321 32A 733,2
E90 320 32A 319,2
77L 788,2
EMJ ERJ,2
320 321 744,2
320 739 319,2
738 752 763,2
738 DH8 73W,2
73G 738 319,2
32A 319 733 321 735,2
E90 CRA E75,2
752 320 738,2
735 321 733 32A 319,2
32A 319 320,2
333 74H,2
CR7 735 E90,2
319 32A 733 321,2
777 787 762,2
739 320 73H,2
100 32S,2
320 333 332 77W,2
77W 346 345,2
333 737 332 320,2
320 332 77W,2
100 ERJ,2
737 EMJ E70 E75 738 ERJ,2
763 752 777,2
321 32A 320 319,2
753 739 738,2
319 320 CR7 E90 321,2
735 733 32A E90,2
319 320 735,2
E95 321,2
738 320 319 73G,2
CR9 E95 320 321 319,2
E95 320 321 319,2
739 738 73G,2
787 744,2
767 321 320 319,2
319 320 738 73G,2
319 320 739,2
ERJ E70 CRJ CR7,2
739 738 320 752 319,2
717 ,2
73W AT5,2
73H 332 73W,2
73W 73H 332,2
75T,2
75T 75W,2
ER4 DH2,2
DH4 CR7 DH2 CRJ,2
M88 757 M90,2
73C 73H,2
762 763,2
EMJ ERJ E75,2
319 CR7 CRJ,2
738 M83 M80 757,2
320 E95 CR9 319 321,2
CRJ ERJ E70 CR7,2
E95 319 320,2
777 738,2
AR1 DH4 319,2
321 735 E90 733 CR7 319 320 32A,2
CRJ ER4 ERJ,2
319 733 32A 321 320,2
321 319 320 E95,2
CR7 EM2,2
DH3 DH4 DH2,2
E70 ERJ,2
739 738 320 73G,2
763 77L 77W 333,2
32B 763,2
77W 763,2
BEH CRJ,2
E75 ER4 ERD CR7,2
TU3 AN4,2
TU5 738,2
320 319 73G,2
737 757 738,2
757 737 738,2
320 321 E90,2
DH7 DH8,2
CRJ CR7 ERJ ER4 E70,2
320 738 739 319,2
321 320 330 332,2
320 738 739 752,2
738 320 739 752,2
ERJ E70 CR7,2
DH4 E70,2
319 DH4 738,2
738 735 CRK,2
CRK 735,2
752 738 320,2
319 739 73G,2
757 739 M90,2
763 346 343,2
319 763 320,2
320 763 787 319,2
M88 320 73W 717 319,2
DHT 733,2
310 AB6,2
320 AB6 310,2
787 777,2
SF3 DH8,2
332 767,2
E90 32S,2
319 321 320 737,2
777 787,2
AT7 E75,2
738 752 320,2
763 735,2
735 763,2
CR9 AT7 CR2,2
I14 757,2
764 320,2
763 764 752,2
ER4 CR7 CRJ ERJ,2
I14 320 757,2
332 333 738,2
AB6 777,2
340 AB6 310 320,2
320 310 AB6,2
777 340 320 AB6,2
AB6 310 320,2
E90 738 763,2
E90 763 E70,2
733 E90 E70,2
73W E90,2
739 738 752,2
DH4 ERJ E70,2
73H 757 753,2
M80 M83 319,2
DH2 ERJ,2
342 345 346 340,2
73G 319 738 320,2
345 342 346,2
342 333 345 346,2
346 342 345,2
757 73H,2
321 762,2
CR2 CR9 AT7,2
319 757 321 320,2
757 321,2
753 739 757,2
717 CR7 CRJ CR9,2
319 73G 320 738,2
320 737 321 319,2
73H 739 73J,2
CRJ ER4 ERD,2
734 73H,2
739 73G 73J,2
346 345 342,2
346 342 333,2
345 346 342,2
346 342,2
744 77W 388,2
AT7 CR2 CR9,2
319 CR9 CR7 M88,2
F50 ARJ,2
320 M82,2
73J 73H 734 739 73G,2
AB4,2
M82 AB4,2
DHT BNT,2
AT7 737,2
AT7 732,2
320 737 M80,2
737 320 M80,2
DHT BNI,2
CRK CR2 CR9 AT7,2
M88 73H 757 320 738 739,2
763 757 739,2
320 739 738 319,2
717 320 M88,2
319 73G 738 739,2
320 CR2 310,2
310 320,2
DH4 DH2 CR7 CRJ ERJ,2
AB4 100 M82,2
100 320 AB4 M82,2
736 320,2
100 M82 AB4,2
100 320 M82,2
320 319 32A 736,2
M11 330 747 74M,2
ERJ CRJ EMJ,2
330 777 74M 747,2
74M 330,2
777 330 76W,2
F70 EMJ 737,2
EMJ 737 F70,2
M83 319 M80,2
757 320 321,2
757 332 321 319,2
757 319,2
757 767,2
CR7 CR9 CRJ,2
32A 736 320,2
320 737 319,2
E70 E90 319,2
E95 753 AT7 E90,2
332 320 321 319,2
333 73H,2
73J 333 744,2
773 332 73H 744,2
773 772 332,2
73J 332 333,2
772 739,2
333 739 77W 73J,2
ER4 319 320 100,2
333 739 773,2
73H 744 333 772,2
332 343 346,2
320 321 330,2
346 332 343,2
S76,2
321 73J,2
739 333 73H,2
739 744 772 73H,2
E90 321 320,2
320 319 E90 757,2
757 321 320,2
321 757 320,2
319 757 E90,2
73H 73J 734 739 73G,2
757 320 767 321,2
319 ATR,2
73H 757,2
772 73H 332 333,2
739 73J,2
788 773,2
73H 332 333 772,2
752 M90 M88 320 738 739,2
744 73H 333 772,2
M87 CRJ,2
F50 M83,2
737 777 320,2
DHT BET,2
PAG CNT,2
738 E75 73G,2
32C,2
32C 343,2
333 32C 332 738,2
E75 73G 738,2
ATR E75 738 73G,2
DH4 73W,2
AT5 320,2
SU9 73G,2
TU3 M80,2
738 AT5,2
788 777,2
73M AT4,2
CN1 CNC,2
EM2 BE9,2
733 DH8,2
DH8 ATR,2
739 738 733,2
A81 T20,2
73M 737,2
319 CR9 CR2,2
319 321 320 100,2
330 737 320,2
76W 73H 75W,2
788 76W,2
SWM CRJ,2
BEC DH1 EMB,1
737 ER4,1
ER4 737,1
330 777 320 737 747,1
320 777 737 747 330,1
757 319 320 M88 M90,1
M82 EM2 DC9,1
76W 763 757 739,1
319 752 M88 738,1
M88 319 320 717,1
738 73W 73C 73H 733,1
73C 73W 733 73H 738,1
73H 73W 733 73C 738,1
73W 738 733 73C 73H,1
733 73C 73W 73H,1
733 73H 73W,1
73W 73C 735 733,1
73H 73C 73W 733,1
73C 738 73W 733,1
738 733 73W 73C,1
733 73C 73W 738 73H,1
73W 733 738 73C,1
CR7 319 M88 717 CRJ,1
773 777 73H 767,1
333 744 773 772,1
333 744 773 343 772,1
777 767 73H,1
777 773 73H 767,1
747 320 773,1
320 773 330,1
773 320 330,1
333 773 744 772 332,1
74N,1
319 321 757 320 767 E90,1
757 321 320 767 319 E90,1
773 788,1
773 73H,1
E70 73H,1
772 333 73H 773 332,1
772 333 73H 739 77W 332,1
ERD CRJ E70,1
320 737 319 321 E90,1
320 310 330,1
310 CR2 330 320,1
310 320 CR2 330,1
73H 321 333 744,1
77W 333 772,1
73H 77W 333 744 332 73J,1
333 73H 772 739 77W 332,1
333 744 332 388 73J 77W,1
772 319 73H,1
744 773 333 772 332,1
388 333 744 332 73J 77W,1
319 772 73H,1
767 777 73H,1
320 73H M90 757,1
M88 CRJ,1
310 320 330,1
AB4 M82 100 320,1
100 320 M82 AB4,1
M82 AB4 320 100,1
320 M82 100,1
320 M82 AB4,1
319 M88 738 73H 717 320,1
747 74M 777,1
330 76W,1
 777,1
332 763 753,1
321 73H 333 744,1
772 77W 333,1
332 73H 77W 333 744 73J,1
M88 319 CRJ 717,1
M88 M90 757 73W,1
CRJ CR7 319 CR9,1
M88 738 320 717 319,1
M88 320 73W,1
CR7 CRJ 717 CR9,1
739 763 757,1
76W 757 763,1
CRJ 319 CR9,1
73H 757 738,1
757 319 320 M90 M88,1
738 M88 757,1
CR9 M88 CRJ,1
717 CR9 M88,1
M88 CR7,1
319 M88 CRJ,1
767 76W,1
737 AT7,1
M80 737 320,1
CRK CR2 CR9,1
CR9 CRK AT7 CR2,1
342 346 345 340,1
319 738 752 M88,1
717 CR9 CRJ,1
717 CRJ,1
CR7 319 717 M88 CRJ,1
M88 CRJ CR7,1
737 73W,1
M88 CR7 CR9,1
M88 717 CR9,1
73W M88 319,1
321 772 738 333,1
CRK CR2 AT7 CR9,1
321 320 343 333,1
CR9 CRK CR2 AT7,1
747 744,1
EMJ F70 737,1
M90 320 M88 73H,1
74M 747 777,1
CR7 CR9 717 319,1
320 757 739,1
73W CR7 320 CR9,1
717 CR9 CR7 CRJ,1
717 320 319,1
E90 763,1
737 EMJ 738 E90 763,1
76W 767,1
757 M88 73W,1
738 320 319 M83 M80 E90 757,1
321 319 M80 M83 320 737 757,1
763 320 744 739,1
319 737 320 321,1
767 E90 319 320 332 757 321 737,1
321 320 CR9 E90,1
319 320 E75 CR9,1
321 767 757 319,1
737 319 321 320,1
DH8 CR9,1
M80 321 319 M83 320 737 757,1
M88 73H,1
319 320 DH3,1
CR9 AT7 CRK CR2,1
CR9 CR2 CRK,1
321 320 345 333 342,1
I14 320 763 764,1
320 I14 763,1
320 I14,1
767 764,1
320 332 333,1
333 332 320,1
787 738,1
738 320 319 321,1
321 737 319 320,1
733 E90,1
772 73W 763,1
772 73W,1
76W 763,1
E75 ERD ER4,1
M83 757 M80 738,1
321 738 M80 319 M83 320,1
DH8 DH7,1
738 333 332 777,1
738 332 777 333,1
E90 DH3 319,1
733 735 320 319 32A 321,1
73W ER4,1
73W ER4 73H,1
340 343,1
763 343 346,1
343 340,1
77W 777 773,1
321 767 319 320,1
767 320 321,1
E75 ERD ER4 CR7,1
738 320 73G DH4 319,1
738 321 320 73G,1
73G 717 ,1
73C 738,1
738 73C 73W,1
73G ,1
73G 717,1
321 767 757 320 332,1
321 757 767 319,1
733 320 321 735 32A,1
320 E95 319 321,1
319 733 321 735 E90,1
32A 735 321 319 733 320,1
343 M1F,1
787 773,1
330 757 340,1
773 737,1
333 738 757,1
320 346,1
319 320 32A,1
736 73W 738,1
321 319 32A 320,1
733 32A 321,1
73W 788,1
735 321 319 733 320,1
733 319 32A 321 320,1
735 320 319 733 32A 321,1
32A 319 733 321 320,1
319 321 32A 735 320 733,1
E75 ER4 CR7 ERD,1
763 330 340,1
757 330 340,1
738 333 757,1
73H 73C,1
319 320 733 32A,1
738 736 73W,1
ER4 ERD CR7 E75,1
DH8 CR7,1
773 787,1
737 773,1
DH8 CR7 CR9,1
32A 319 320 321 733,1
CR7 E90 735,1
319 735 733 32A,1
321 32A 735 319 320 733,1
320 733 321 735 32A,1
E90 733 735 CR7 319 321 320 32A,1
733 319 321 735 E90,1
77W 320 346 332 345,1
320 346 332 345 77W,1
E75 E70 319,1
319 320 E75 CR9 E70,1
320 738 321 757,1
330 763 340,1
788 73W,1
DH8 738,1
763 73W,1
735 E90 CR7,1
319 735 733,1
319 735 320 32A,1
320 733 32A 319,1
32A 319 321 320,1
319 321 32A 320 733,1
32A 321 319 320,1
DH8 763,1
321 319 32A,1
E90 319 CRJ,1
ER4 CR7 E75 ERD,1
ERD E75 ER4 CR7,1
735 319 733 32A,1
319 320 CRJ E90,1
DH8 319 CR7,1
319 737 321 757 320 E90,1
319 CR7 DH8,1
735 CR7,1
738 332 E75 73H 77W 772 E90 73G,1
332 77W 772 773,1
738 332 E75 73H 77W 772 E90,1
77W 332 77L,1
772 73H 77W 773,1
772 332 77W 73H 773,1
773 772 73H 77W,1
738 M88 73H,1
757 M88 738 M90,1
CR7 320 717,1
M90 717  M88 319,1
73H 320 738,1
320 73H 738,1
738 ERJ,1
32A 319 321 320 733,1
M1F,1
319 320 32A 321 733,1
E90 CR7 735,1
320 32A 321,1
73G 320 ERJ 738 CR7,1
319 321 320 32A,1
319 320 321 E95,1
77W 772 73H 332 773,1
100 319 F70 320 DH4,1
E90 735 CR7,1
321 319 735 733,1
100 AR1 319,1
319 100 F70 320 DH4,1
733 319 735 320 32A,1
32A 320 319 321,1
32A 320 733 319,1
320 319 E95 321,1
319 32A 321 320,1
319 E95 320 321,1
320 321 319 E95,1
E95 319 321 320,1
CR7 738 ERJ,1
CR9 CRJ E70,1
757 M88 320,1
320 738 73H 319,1
320 319 757 738,1
739 757 320 738,1
320 757 73H 738,1
738 757 73H 752,1
320 738 757 73H 319,1
757 73H 738,1
73H 738 320,1
73H 320 319 738,1
757 763 738 ,1
757 73H 753 ,1
777 76W,1
M90 753 320 757 738,1
E90 321 757 319 737 320,1
AR1 100 319,1
32A 321 320 319,1
E75 ER4,1
757 738 320 739,1
763 73H 753 738 757,1
753 738 757,1
739 76W 757 763,1
73H ,1
E75 CRJ ERJ,1
320 319 CR7 738,1
CR9 CRJ E75,1
73H M88 738 ,1
M88 ERJ 320 CR7,1
M88 320  717,1
757 320 73H 319,1
738 M90 320 757 319,1
AT4 AT7 DH3,1
320 738 73H 757 739,1
320 E70 319,1
73W 320 ,1
M88 M90 319 73H 320,1
M88 M90 757 320 738 73H,1
E70 CRJ CR9,1
319 757,1
320 757 319 738,1
320 753 M90 757 738,1
738 739 757 753 763,1
CR9 E75 E70,1
CRJ CR9 E75,1
M90 320 757 319,1
M90 M88 320 319,1
CR9 CRJ E75 E70,1
744 737,1
ERD ER4 CR7 E75,1
333 343 32A,1
319 321 320 CRJ,1
AR1 320 319 321 32A,1
735 CR7 E90,1
M88 319 320 738,1
738 763 753 757 739 320,1
M90 757 320 738,1
M90 320 ERJ M88,1
320 319 M88,1
757 M90 M88 753 320 738 73H 319,1
M88 M90 319 738 320,1
CRJ CR9 ERJ,1
CRJ ERJ CR7 CR9,1
320 M90 M88 319,1
757 738 73H 320 319 M88,1
320 757 739 M88 M90,1
E75 CRJ CR9 E70,1
M90 320 M88 319,1
M88 717 M90 320 319,1
320 M88 738,1
M88 73H 738 319,1
M88 757 M90 73H ,1
738 787 757,1
ERJ CRJ CR9,1
CR7 CR9 E75,1
319 320 717,1
M88 738 319 320,1
73H 752 M88 738,1
757 76W  739 M88 753 763,1
ERJ M88,1
E75 E90 319 CRJ E70,1
320 767 321 319,1
M88 320 738,1
E70 E75 CR7 ERJ,1
757 73H 320 739,1
757 753 739 763 738,1
738 757 739 73H,1
76W 757 753,1
739 763 753,1
757 M90 738 739,1
757 320 739 738,1
739 757 738 753,1
73G 738 739 763,1
73G 739 738 763,1
32A 319 321 320 AR1,1
343 32A 333,1
321 319 320 CRJ,1
319 320 AR1 321 32A,1
757 73H 738 739 752,1
CRJ ERJ CR9,1
ERJ CR9,1
CR9 752 ERJ,1
ERJ CRJ 752,1
CR9 319 M88,1
73H M88 738 319,1
738 757 787,1
752 73H M88 738,1
CRK AT7 ER4 CRJ CR7,1
787 777 332,1
343 320,1
330 772,1
DHT AT7 AT5,1
DHT AT5 AT7,1
319 320 M88,1
752 757 319 738 M88 ,1
M90 320 319,1
320 M88 ERJ,1
M88 320  M90,1
CR7 E70 E75 CR9,1
E75 E70 CR9,1
753 76W 757,1
320 ERJ M88 717,1
M88 757 739 738,1
330 738 333,1
340 738 320,1
738 330 340 333 320,1
333 738 330 321,1
E70 738,1
320 343 332,1
M88 738 73H,1
733 737 321,1
333 737 733,1
733 320 319,1
E90 320 73G,1
319 738 320 321,1
320 733 319,1
320 321 346,1
733 738 320 737,1
738 321 333 AB6,1
333 330 738,1
738 340 320,1
738 333 330 340 320,1
738 333 330 321,1
73H 738 757,1
M88 CR9 73H 319,1
CR9 752 CR7,1
752 73G 320,1
E90 73G 320,1
320 73G 752,1
737 733 321,1
737 320 738 321,1
333 AB6 738 321,1
738 320 332,1
738 321 737 332,1
321 332 320 333,1
320 346 321,1
320 333 332,1
333 321 320 332,1
737 333 733,1
321 333 332,1
733 737 320,1
737 733 321 319 320,1
YN2 BNI DHT,1
YN2 DHT BNI,1
M88 738 757 M90,1
739 763 738,1
753 757 739,1
319 73H 738,1
CR7 M88 320 ERJ,1
M88 319 73H ERJ M90 320,1
717 M90,1
777 77L,1
M90 M88 320 753 757 73H 777 319 738,1
320 717 M90 M88,1
763 757 739 753,1
320 737 733,1
738 737 321 332,1
738 320 737 733,1
738 M88 319 M90,1
CRJ ERJ CR9 CR7,1
76W 343 764 333,1
M88 320 ERJ,1
73H 738 320 757 M90 319,1
320 738 M88,1
M88 73H 757 320 738 739 M90 753,1
777 333 332 76W,1
319 E75 M88 320,1
M90 320 738 757,1
M90 M88 319 738 320,1
AT7 ER4 CRJ CR7,1
ER4 AT7 CRJ,1
AT7 ER4 CRJ,1
777 763 747,1
787 767 737 738,1
788 77W 744,1
737 773 772 787 767 320,1
777 747 763,1
767 737 787 738,1
772 767 320,1
735 767 738,1
735 767 737,1
773 772 767 787 738,1
DH8 DH2,1
788 744 77W,1
320 772,1
772 773 787 320 767 737,1
ERJ M88 717 320,1
757 M88 739 738,1
717 320,1
320 M90 738 757,1
738 321 757 320,1
767 321 757 320 332,1
DH3 E90 319,1
M83 319 320 738 M80 E90 757,1
CRJ DH3 319 E90,1
757 321 E90 737 767 332 319 320,1
DH3 319 E90,1
DH3 E90,1
738 M88 M90 73H,1
738 773 772,1
767 787 320,1
320 787 767,1
767 737 772,1
320 772 773 787 767,1
320 737 738,1
767 772 787 773 738,1
737 DH8 735 320,1
767 320 787,1
767 737 735 772,1
320 772 737 767,1
DH8 737 320 767,1
320 767 735,1
320 DH8 735,1
772 767 787 773 320,1
767 735 737,1
772 320,1
333 321 738 772 74E,1
77L 74E 763 772 321,1
767 738 737 320,1
320 767 738,1
319 738 M88,1
767 757 320,1
737 767 738 320,1
738 320 767,1
777 788 763,1
320 ERJ 319,1
737 735 767 772,1
767 773,1
772 773 738,1
767 738 735,1
320 767 737,1
788 763 777,1
321 333 738 772 74E,1
738 737 735,1
320 737 767,1
767 DH8 737 320,1
735 767 320,1
320 DH8 738 735,1
ERJ CR9 CRJ,1
738 M88 320  319,1
E70 CRJ CR9 ERJ,1
ERJ E75 CRJ,1
M90 320 M88,1
717  M88,1
333 76W 764,1
320 M88 M90 319,1
320 M88 M90 ERJ,1
M88 757 M90 73W  320 717,1
738 319 757 M90 320,1
752 CR7 M88,1
319 320 73H 738 757 M88,1
320 763 772 773,1
772 773 320 763,1
AT7 CR9,1
763 757 320,1
757 753 73H ,1
739 757 763,1
76W 763 739 757 738,1
M88 M90 73H,1
M88 M90 739 320 738 752,1
738 M88 ,1
757 320 M88 M90 73H,1
757 319 320 717 M88 M90,1
757 320 M90 73H 739 738,1
762 733,1
733 762,1
DH3 AT7 BEH,1
320 773,1
320 733 DH3,1
773 772 320 763,1
320 73W,1
M88 M90 757 320 73H ,1
757 763 739 753,1
73H 739 757 753 738,1
319 752 738 M88 73H ,1
M88 320 M90  319,1
M88 320 319 717,1
717 M88 320 319,1
320 M88 73H M90 757 739,1
M88 319 738,1
M90 M88 757 320 738 ,1
319 320 F70,1
100 F70 DH4,1
DH4 F70 319 100 320,1
CR9 E75 CRJ E70,1
73W M88 757 320,1
M88 M90 757 320 73W,1
M90 757 320 738 M88  319,1
M88 738 319 320 73H 717,1
M88 73W 320,1
M90 M88 ,1
333 332 76W,1
777 333 76W 332,1
100 320 DH4 F70 321,1
E95 320 319 100 CR9 F70,1
F70 100 320 319 321,1
DH4 D38,1
E90 F70 100 73G 735,1
F70 100 DH4 320,1
319 320 321 CRJ,1
319 100 F70 320,1
320 321 318,1
D38 DH4,1
F70 100 E90 73G 735,1
100 DH4 320 F70,1
320 319 321 CRJ,1
321 320 318,1
320 319 F70,1
F70 319 DH4 100 320,1
100 319 320,1
319 F70 100 320,1
319 100 F70 320 DH4 CRJ,1
319 100 320 321 F70,1
F70 320 100,1
100 320 319,1
M88 738 320  319,1
717 M88 ,1
319 320 M88 73W 717,1
763 321 320,1
744 321 320 333 763,1
320 321 763 333,1
321 320 763 333,1
DH4 319 320,1
319 DH4 320,1
319 EM2 320,1
320 DH4 319,1
32A 320 319 321 AR1,1
E95 F70 100 DH4 E75,1
F70 E95 100 DH4 E75,1
100 319 F70 320 DH4 CRJ,1
100 320 321 319 F70,1
320 DH4 F70 100 321,1
320 E95 319 100 CR9 F70,1
100 F70 320 319 321,1
763 333,1
744 333 763,1
738 E90 319 73G 320,1
738 320 E90 73G 752,1
320 733 321,1
738 733 320,1
738 E90 320 752 73G,1
73G 777 321 330 752 738,1
73G 319 320,1
738 777 752 73G,1
737 738 320,1
738 73W 739 73H,1
738 73W 73H 739,1
333 321 772 74E,1
77L 74E 772 763 321,1
320 333 321 744 763,1
J32 AT4 PL2,1
320 738 321 319,1
320 733 738,1
73G 752,1
333 767 321,1
737 738 320 321,1
333 321 AB6 738 77W 777 772 330 320,1
321 777 73G 330 752 738,1
333 321 767,1
321 737 333,1
330 380 332 333 321 787,1
738 73G 319 320,1
320 321 332 738,1
J32 AT4,1
333 744 763,1
321 333 772 74E,1
320 73G 733 737,1
319 752 320,1
737 320 321,1
737 321 320 319,1
333 321 737,1
737 73G 733,1
737 320 738 319,1
320 738 321 E90 772 319,1
319 73G 320,1
320 738 733,1
738 321 332,1
73H 310 737 320,1
ATR 73H 320 737 310,1
320 777 73H 310 737,1
310 320 ATR 777 73H,1
777 320 310 73H,1
73N 734,1
73R 738 735,1
735 734 73G,1
738 73J 73N,1
73N ER4 735,1
734 738 E90,1
734 73N,1
330 321 773,1
321 330 773,1
ATR 310,1
320 73H 310 737,1
ATR 73H 737,1
737 ATR 320 73H 310,1
737 ATR 320,1
320 310 73H 777 737,1
310 777,1
735 736 E90,1
73H E90 735 73N,1
330 763,1
744 380,1
757 767 320,1
CRJ ERD,1
321 320 737 319 E90,1
319 737 321 320,1
M80 M83 319 738 321 320,1
321 320 733,1
734 735 73N,1
735 738 73R,1
734 73G 735,1
73J 738 73N,1
ER4 73N 735,1
738 734 E90,1
733 73G 738,1
73G 733 737,1
738 320 733,1
73G 738 733,1
738 320 E90 319 73G,1
73G 738 777 752,1
738 321 320 319,1
77W 738 777 321 772 333 330 AB6 320,1
ER4 AT5 AT7,1
BEH D38,1
BEH D38 DH3,1
CRJ CR9 ,1
E90 734 735 73N,1
73N 320 735,1
73G 735 E90,1
735 73R 73G 734,1
320 738 763,1
738 320 763,1
773 744 333 77W 772 343 320 321,1
333 772 773 77W,1
77W 333 343,1
320 321 333 772 77W 773 343,1
320 333 77W 321 343,1
100 DH8,1
320 73N 735,1
735 73G E90,1
73R 735 73G 734,1
73G 73N,1
738 735,1
E90 735 736,1
73N 73H E90 735,1
AT5 ER4 AT7,1
763 73H 332,1
77W 73H,1
DH8 DH4 DH3,1
73H 763 333,1
332 333 73H 763,1
763 332 333 73H,1
73H 763 332,1
73H 77W,1
333 73H 744 763,1
388 73H,1
73H 388,1
333 380 321 787 330 332,1
332 320 738 321,1
319 738 320 737,1
321 320 772 319 E90 738,1
320 321 733,1
77W 788,1
77X,1
E75 320 321 73J 332 788 73G 77L,1
332 333 77W 788 346 77L,1
332 333 77W,1
332 333 77L,1
320 788 321 77W 77L 332 333,1
320 E75 321 73J 332 788 73G 77L,1
333 788 77W 346 332 77L,1
333 77W 332,1
332 77W 333 77L,1
333 77L 332,1
788 321 320 77W 77L 332 333,1
77W 321 320,1
77W 332 333,1
DH8 DH3 DH4,1
319 A58 T20,1
73G 320 319,1
773 77W 744 772 333 343,1
744 333 77W 343 772,1
772 333 738 343 773,1
333 773 77W,1
333 773 744 77W 343 772,1
333 77W 744 772 773 343 320 321,1
772 77W 333 773 343,1
321 77W 333 343,1
333 77W 321 320 773 772 343,1
333 77W 321 320 343,1
773 744 77W 772 333 343,1
77W 343 744 333 772,1
333 772 738 343 773,1
333 744 773 77W 343 772,1
332 738 320,1
343 744 333,1
321 738 333,1
777 333 772 738 330 321,1
318 319 73G 320,1
738 333 744 343,1
738 744 333 343,1
738 333 343,1
757 73H 76W,1
333 744 343,1
333 738 744 343,1
320 738 319 321 DH4,1
333 343 773,1
333 773 343,1
A58 319 T20,1
A58 IL9,1
340 320 319 321 330,1
738 333 321,1
772 738 333 330 777 321,1
320 773 744 738 333 330,1
320 321 744 333 772,1
321 330 320 738,1
321 330 777 333 320 738,1
330 737 738 321 773,1
330 738 321 320,1
321 777 772 738 773 744 333,1
73W 32S,1
737 747,1
AT5 AT7 318,1
320 E95,1
738 32A 321,1
320 319 DH4 738,1
737 738 321,1
73W 717 736 73H,1
319 340 320 321 330,1
321 333 330 320 777 738,1
738 773 330 737 321,1
738 330 321 320,1
333 773 321 777 772 738 744,1
320 738 73G 319 DH4,1
321 319 100 320,1
ER4 319 100 320,1
738 73H 739,1
320 M87,1
318 733 AT7 AT5,1
733 AT5 318 AT7,1
733 73G,1
330 744 773 738 333 320,1
321 333 77W M90 332 74E,1
738 319 320 73G,1
738 321 E90 320 319,1
738 319 320 73G 321 DH4,1
320 L4T,1
738 320 343 319 733 346 332 342,1
735 319,1
319 735,1
320 ER4 100 319,1
320 313,1
319 320 100 321,1
ER4 319 100,1
ERJ 320,1
ERJ 319 73G,1
772 321 744 333 320,1
321 320 330 738,1
738 321 320 319 73G,1
738 320 319 321 DH4,1
32A 738 321,1
DH4 735 73C,1
320 738 332 319,1
313 D1C 772,1
S20 SF3,1
319 320 733 738,1
320 342 319 738 332,1
319 733 320 738,1
320 738 319 733,1
738 343 320 319 733 346 332 342,1
738 319 320 733,1
332 345 333,1
333 345 346,1
77W 321 M90 333 332 74E,1
319 767 321 320,1
321 767 744,1
E70 S20,1
738 734 733,1
319 321 320 767,1
321 767 320 319,1
321 738 320 319 73G,1
319 DH4 73G,1
738 73G 319 320 DH4,1
738 73G 736 73W 73H,1
320 319 CR2 CR9 321,1
733 738 735,1
734 735 733,1
735 738 733,1
735 734 733,1
319 320 342 738 332,1
CRJ F28 DH8,1
738 319 73G 320 321 DH4,1
321 738 73G 320 319,1
738 320 73G 321 DH4 319,1
321 332 738 320,1
738 320 332 319,1
332 321 738 320,1
767 321 744,1
734 738 733,1
738 ERD,1
73H 73W 736 73G,1
73W 73G 73H 736 717,1
73W 320 73H 321 319 73G 736 717,1
DHT SF3,1
E75 CR7 74N,1
777 321,1
320 319 73W 73H 321 73G 736 717,1
320 CR2 319 CR9 321,1
738 73G 736 73H 73W,1
73G 73W 73H 736 738,1
320 319 CR9 321 717 73G 73W 738 736,1
S20 AT7,1
736 AT7 73W S20 73H 717,1
736 S20 717 73W AT7 73H,1
736 73H 73W 738 73G 717,1
736 73W 73H 73G,1
717 73W 736 73H 73G AT7,1
320 767 319 321,1
S20 E70,1
738 74E,1
CRJ F28,1
F28 DC9 CRJ,1
73W 73G 738 736 73H,1
318 733 AT7,1
32S E75 319 320,1
319 320 32S,1
752 M90 M88,1
E75 319 E90,1
319 321 E75 32S 320,1
M88 M90 738,1
733 318 310 AT7 AT5,1
E75 32S 319,1
717 CR7,1
CR9 319 321 320 736 738 73G,1
320 321 73H 73G 738 319 73W 736,1
321 320 CR9,1
319 320 321 CR9,1
319 320 CR9 321 717 73G 73W 738 736,1
73H 73G 321 320 738 319 73W 736,1
73G 738 736 73H 73W,1
73H 736 73W 73G 738,1
73W 738 736 73H 73G 717,1
736 73W 73G 73H 738,1
73G 736 73W 73H,1
73G 73H 736 73W,1
73H 736 717 73W 73G AT7,1
738 73G 73H 736 73W,1
320 321 CR9,1
736 738 73W 73H 73G,1
736 738 73G 73W 73H,1
736 73G 73H 738 73W,1
321 319 320 CR9,1
73W 73H 73G 736 717,1
735 319 733,1
73W 736 738,1
736 73H,1
738 736 73W 73G 73H,1
733 735 319,1
321 320 CR9 319 736 738 73G,1
736 73H 73W 73G 717,1
73W 736 AT7 S20 73H 717,1
73H S20 736 717 73W AT7,1
738 736 73H 73G 73W,1
73G 73H 736 73W 738,1
736 73W 73G 738 73H,1
73H 736 73G 73W,1
73G 738 73H 736 73W,1
738 73W 73G 736 73H,1
73G 736 73H 738 73W,1
73G 738 73W 736 73H,1
CRJ 319 E70,1
319 738 321 320 73G,1
319 738 320 73G,1
321 738 E90 320 319,1
738 319 321 320 73G,1
320 738 73G 321 DH4 319,1
757 76W M88,1
E75 32S,1
E75 319,1
E90 32S 320 319 E75 321,1
319 320 E75 E90,1
AR1 DH4,1
DH4 AR1,1
73W 738 736 73G 73H,1
73H 736 738,1
73H 738 73G 736 73W,1
32S 320 321,1
77W 346 320,1
752 319 M88 738,1
737 E90 F70 EMJ,1
319 32S E75 320 E90,1
32S 319 E75 320,1
32S 319 321,1
32S 321 320 319,1
E75 32S 320 321 319,1
772 388 77W,1
388 772 77W,1
773 333 772 77W,1
77W 772 388,1
32A 733 735,1
E90 735 733 CR7 319 321 320 32A,1
319 320 CR7 738,1
32S 319 320 E90,1
320 318 319 321,1
321 320 319 32S,1
319 321 320 733 738,1
737 SU9,1
319 320 SU9,1
319 320 SU9 321,1
320 321 733 738 319,1
772 77W 773 333,1
32S 319 E75 320 E90 321,1
CRA 738 320 739,1
CR7 320 73G 738 E70 ERJ 319,1
ERJ CR7 738 E70 739,1
319 E70 320 738,1
CRJ 738 320 739,1
E75 319 32S 320 E90,1
333 777 773 321 320 772 744 74E,1
773 74E,1
333 74E,1
E70 321 320 333 772 777 74E 744,1
E70 321,1
320 772 321 333 E70 777 74E 744,1
SU9 737,1
320 319 SU9 321,1
SU9 320 319,1
319 320 32S E90,1
319 32S 320 321,1
32S 321 319 320,1
319 32S 321 320,1
320 32S 319 321,1
M88 73H M90 757,1
319 320 E75 32S E90,1
M90 757 319,1
788 333,1
M88 757 M90 717,1
319 32S 321 E75 320,1
E90 319 E75 32S,1
32S 320 319 321,1
346 332 77W,1
319 717,1
M88 320 739,1
757 717 M88,1
CR9 717 319,1
73H M88 320 738,1
CNA D28,1
D28 CNA,1
E70 321 320 772 773 74E,1
E70 321 320 772,1
330 744 777 747,1
320 744,1
320 717 CR9,1
AB6 747 734 320 333 773 777,1
767 763 744,1
773 330,1
380 330,1
744 333 AB6 773 747 320 330,1
744 777 330 747,1
744 320,1
320 747 AB6 734 333 773 777,1
332 321 752 763,1
332 321 763,1
E70 321 320 772 74E 773,1
321 320 333 772 773 777 744 E70 74E,1
M88 738 73W,1
AT7 ATR E70 E90,1
DH4 DH1,1
DH4 CRJ DH3,1
CR7 CRJ 319 E70,1
CRJ DH1,1
CR7 737,1
319 320 739 737 738,1
320 CR7 ERJ 319,1
320 CR7 319 ERJ,1
319 738 73G 320 ERJ,1
320 E70 319 CR7,1
738 ERJ 320 319,1
320 738 ERJ,1
763 744 777,1
E70 AT7 ATR E90,1
333 744 330 AB6 773 747 320,1
CRJ DH4,1
DH4 DH1 DH3,1
320 319 E90 763 E75,1
CRA DH4 CRJ,1
E90 320 763 319,1
320 E90 319 E75,1
CRJ CRA,1
DH1 CRJ,1
E90 320 321 319,1
E90 ATR 320 319,1
320 332 321 738 330,1
738 321 319 320 739,1
319 738 320 321 73W 739,1
PL2 CNC,1
736 738 73G,1
330 380,1
320 E90 321 319,1
320 ATR E90 319,1
321 E90 319 320,1
319 73G 330 320,1
319 318 AT7 320,1
319 321 E90 320,1
318 320 319 AT7 330,1
319 330 73G 320,1
330 320 737,1
333 77L,1
73G 73W 738,1
738 320 739 330 321 319 343,1
73W 738 73G,1
332 343 77W 321,1
738 330 321 332 343,1
320 330 321 332 77W 738,1
739 734 73J,1
CRJ 717 CR9 CR7,1
73H 739 734 73J,1
73H 734 73G,1
73H 734 73G 73J 739,1
77W 321,1
332 321 343,1
321 738 332 739 343,1
738 320 330 739 321 319 343,1
77W 321 343 332 330,1
330 321 332 738 343,1
330 321 320 332 77W 738,1
332 321 738 320 330,1
738 319 321 320 739,1
319 320 738 321 73W 739,1
332 321 738 739,1
73J 734 73G 73H 739,1
E90 EM2 DH4 ER4,1
EM2 E90 DH4 ER4,1
738 321 330 320,1
73W 320 321 319 738,1
738 321 320 330 332 739 319,1
33X,1
320 738 319 321,1
320 321 739,1
321 332 343,1
321 738 330 320,1
320 321 319 738 73W,1
321 738 320 330 332 739 319,1
738 319 320 321,1
321 739 320,1
320 319 AT7 318 330,1
76W 788,1
75W 76W 73H,1
734 73H 73G,1
DH4 CRJ CRA,1
DH3 CRJ DH4,1
737 CR7 738 320,1
738 CRA 320 739,1
CRJ 738 737 CR7,1
320 319 77L 321 77W 763,1
320 319 738 737,1
320 319 CR7 737 739,1
321 320 319 333 763 E75,1
321 320 333 319,1
DH3 DH1 DH4,1
320 E90 E75 319,1
734 73H 73J 739,1
73H 73G 734,1
73J 739 73G 734 73H,1
73H 739 73G 73J,1
73Q 734 73H,1
73G 73J 739 73H,1
73G 73H 739,1
73J 73H 734 739 73Q 73G,1
73J 73H 73G 734 739,1
73J 73H 734 73G,1
73H 734 73J,1
73H 73J 73G 734,1
PAG CNC,1
73M AT7,1
321 319 320 100 332,1
319 100 ER4,1
ER4 320 319 100,1
73G 738 319 320 739 753 752,1
320 319 738 739,1
739 320 752,1
320 319 73G 738 739,1
ERJ CR7 CRJ E70,1
DH4 ERJ DH2,1
CR7 DH4 CRJ E70,1
319 ER4 320 100,1
100 319 ER4,1
100 ER4 319 320,1
321 319 320 100,1
319 320 100 321 332,1
100 319 ER4 BEH,1
320 ER4 319 100,1
73G 734 73J 73H,1
739 73J 73H,1
DH4 CR7 DH2 ERJ CRJ,1
DH3 DH4 ERJ DH2,1
73G 73H 734 73J 739,1
734 73J,1
734 73H 73G 739 73J,1
73H 734 73J 73G,1
73G 73H 734,1
734 739 73J,1
73H 734 739 73J 73G,1
73G 739,1
73G 73H 739 73J,1
DH4 CRJ ER4 CR7,1
752 753 739 738 73G,1
739 752 738 73G 319 320 753,1
739 738 320 73G 319,1
320 319 739 738 752 73G,1
73J 73H 73G 739,1
739 73G 73H,1
M90 M88 739 320 738,1
738 320 73G 739,1
DH4 ERJ,1
738 739 320 319,1
DH3 ERJ E70,1
73G 319 320 739,1
DH2 ER4 DH3 ERJ,1
DH2 ERJ E70,1
CR7 ER4 CRJ ERJ E70,1
738 739 319,1
73G 738 320 739 319,1
320 73G 739 319 738,1
DH3 ERJ DH2,1
ERJ DH3,1
73H 73J 734 73Q 739 73G,1
73H 73G 734 739,1
32S E75,1
32S 320 E75,1
321 320 77W 763 77L 319 333,1
ER4 CR7 ERJ CRJ,1
DH2 ER4 DH3 CRJ ERJ,1
CR7 ER4 ERJ CRJ,1
CRJ CR7 ER4 ERJ,1
CR7 CRJ DH4 ERJ,1
E70 DH4 ERJ CR7 CRJ,1
739 738 319,1
734 73Q 73H,1
717 CR9 CRJ M88,1
M88 717 CR7 CRJ,1
M88 73H CR9 CR7 320 738 319,1
752 319 738 739 320,1
739 752 738 319 320 73G,1
738  739,1
739 320 319 738 753 752,1
739 738 752 788 320 753 319 73G,1
320 752 319 739 738,1
738 752 319 739 320,1
ERJ DH4 CRJ CR7,1
739 752 738 320,1
319 320 738 739,1
738 739 752,1
DH4 E70 CRJ ERJ,1
738 319 73G 320 752,1
M88 717 CRJ,1
M88 CR9 73H 320 738 CR7 319,1
738 319 320 M88 73H 717,1
E90 YK2,1
YK2 E90,1
EMB SF3,1
ATR AT4 FRJ,1
FRJ ATR,1
738 73G 320 319 739,1
ERJ DH4 DH2,1
319 739,1
319 738 320 739,1
739 73G 738,1
CR7 E70 ERJ CRJ,1
73G 320 738 752,1
CR7 ERJ DH4 CRJ E70,1
319 752 738 73G,1
752 738 320 739 73G 319 753,1
320 738 752 739 319,1
738 319 73G 320 739,1
319 321 320 E90 333 763 E75,1
E90 319 320 763 E75,1
320 E90 319 763,1
321 320 319 E90,1
E90 320 319 321,1
737 EMJ ERJ E70,1
737 787 762 777,1
ERJ E70 EMJ E75,1
ERJ E70 E75 EMJ,1
717 M90 M88,1
EMJ 738 737,1
M88 M90 739,1
ERJ 738 737 EMJ,1
DH4 ERJ DH3 DH2,1
AT7 73M,1
739 320 738 73G 319,1
E75 ERJ DH4 CRA,1
739 73G 738 320 752,1
739 319 738 752 73G,1
739 320 319 738,1
739 73G,1
ERJ DH2,1
739 320 319,1
738 319 739 320 752,1
73G 320 738 752 319 739 763,1
738 320 752 739 73G,1
739 738 319 752 753,1
739 753 320 738 752,1
739 738 320 752 73G 753 319,1
738 320 73G 319 739,1
320 752 739 738 319,1
753 320 319 752 739 738,1
320 738 763 739 73G,1
ER4 ERJ CR7,1
DH4 DH2 ERJ E70,1
739 752 319 738 320 753,1
DH4 ERJ CR7 ER4 E70,1
DH4 ERJ DH2 E70 CRJ CR7 ER4,1
CRJ DH4 CR7 ERJ ER4,1
320 752 73G 739 738,1
CR7 CRJ ERJ E70,1
764 777 738 753 739,1
738 753 777 739,1
CRJ ERJ CR7 ER4,1
ERJ CRJ ER4,1
752 739,1
73G 738 739 319 320,1
DH2 ERJ CRJ,1
737 EMJ ERJ,1
EMJ 737 ERJ E70,1
E75 AT7,1
737 787 777 762,1
E70 EMJ ERJ E75,1
E70 ERJ E75 EMJ,1
EMJ 738 737 ERJ,1
738 ERJ 737 EMJ,1
737 738 EMJ ERJ,1
762 738 763,1
763 762 777,1
E70 ERJ DH4 CR7,1
752 739 738 73G,1
CRJ ERJ ER4 CR7 DH4,1
319 320 752 753 739 738,1
320 738 73G 319,1
752 739 738 753 320 319,1
320 739 73G 738 319 752,1
738 763 739 320 319,1
739 320 73G 738 752,1
739 73G 738 320 752 319,1
319 320 73G,1
320 752 788 738 739 753 319,1
73G 739 320 738 319,1
739 738 320 752 73G 319,1
319 73G 738 739 320,1
CRJ ERJ E70,1
ERJ CRJ CR7 DH4,1
CRJ DH4 ERJ ER4 DH2,1
752 320 753 738 739 319,1
739 752 320,1
320 752 739,1
738 739 753 752 320,1
320 752 319 738 739,1
ERJ E70 CR7 CRJ,1
E70 DH3 ERJ,1
CRA ERJ CR7,1
320 319 739,1
319 739 738 320 788 73G 752,1
E70 ERJ CRJ,1
738 319 73G 739 320,1
320 738 739 319 73G,1
73G 319 739 738 320,1
752 739 73G 319 738 320 753,1
320 73G 738 319,1
319 738 73G 320 739,1
739 738 320 73G 753,1
752 753 320 739,1
739 738 320 752 319 753,1
762 737 738 EMJ 763 787,1
E70 EMJ ERJ,1
73H 73W 738 EMJ,1
EMJ ERJ E75 E70,1
ERJ 737 EMJ E70 E75,1
757 753 763,1
763 738 762,1
763 787,1
M88 757 738,1
752 319 757 738,1
777 763 762,1
73G 738 739 320 752 319,1
752 738 319 320 739,1
738 319 739 320 73G,1
752 738 739,1
ERJ CR7 E70 CRJ,1
DH4 73G 738,1
ERJ DH4,1
319 320 738 73G 752,1
739 752 753 319 320 738,1
319 738 320 752,1
EM2 CR7 CRJ,1
739 738 752 320 319 753,1
739 319 738 320 752,1
739 320 738 319 752 753,1
753 320 752 739 738,1
777 738 753 739,1
738 319 752 739 320 753,1
752 739 738 320 753 319,1
738 320 319 739,1
ERJ CR7 CRJ ER4,1
738 752 320 739,1
319 320 73G 763 752 739 738,1
752 738 320 739 73G 753 319,1
320 319 738 73G 752,1
CR7 ERJ ER4 CRJ,1
ER4 CRJ CR7 ERJ E70,1
738 739 320,1
320 752 739 738 73G 319,1
E70 ERJ ER4 CR7,1
319 738 73G 320,1
739 319 738 73G,1
753 752 738 739,1
73G 738 320 752 739,1
738 739 320 752,1
752 738 739 320,1
73H 757 739,1
738 M90 M88 73H,1
738 737 762 EMJ 763 787,1
M88 757 73W 320,1
757 M90 M88 320,1
EMJ E70 ERJ,1
M90 717 319 M88,1
739 763 757 738,1
M88 738 M90 739 320,1
757 M88 M90 73H,1
738 320 319 752 73G,1
738 753 320 739 752 319,1
738 752 320 319 73G 739 753,1
ERJ CRJ CR7 E70,1
739 738 752 320 73G 319,1
777 320 752 739 73G 753 319,1
73G 739 738 319 320 752,1
CR7 ERJ CRJ ER4,1
ER4 CRJ ERJ DH4 CR7,1
319 320 739 73G 738,1
CR7 E75 ERJ E70 CRJ,1
739 73G 320 738,1
CR7 ERJ ER4,1
73G 752 319,1
752 739 320 738 753 319 777,1
320 752 738 739,1
73G 320 738 739 319,1
320 738 739 752 73G,1
CRJ ER4 ERJ CR7,1
E70 ER4 ERJ CR7,1
ER4 CRJ ERJ,1
739 752 73G 320 738,1
320 73G 738 739,1
739 752 320 738,1
ER4 DH2 CR7 CRJ,1
DH2 ERJ DH3,1
ERJ ER4 CR7,1
DH4 ERJ CR7,1
319 739 738 320 752,1
738 320 739 319 73G,1
738 752 739 320,1
739 738 319 752,1
320 738 739 752 73G 319,1
320 73G 738 739 319,1
738 319 739 752 320,1
320 319 752 738 739,1
739 319 738,1
739 738 752 320 73G,1
752 738 739 320 319,1
319 739 753 738 320 752 788 73G,1
753 752 738 739 320 319,1
777 764 738 753 739,1
320 739 752 319 738 73G,1
319 738 739,1
752 739 738 320 319,1
752 753 738 739 319 320,1
319 739 320 738 752,1
738 320 739 752 319,1
739 320 738 319 752,1
739 319 738 320,1
738 320 739 752 753 319,1
ERJ E70 CRJ,1
319 739 738 73G 320,1
739 738 320 319,1
738 739 73G 752 320,1
ERJ CRJ DH4 ER4 CR7 DH2,1
DH2 DH3 ERJ,1
ER4 ERJ CR7 E70,1
320 738 73G 752,1
739 319 320,1
CR7 CRJ ERJ DH4 E70,1
739 753,1
752 319 738 73G,1
319 738 739 320 752 753,1
738 320 319 739 73G,1
319 738 739 752,1
319 739 320 752 738,1
738 739 752 320 753 319 777 73G,1
752 738 739 753,1
319 320 752 738 753 739,1
E95 AT4,1
E95 E90 AT7,1
AT4 E95,1
E90 E95 AT7,1
320 757 M90 739,1
73W 738 73H EMJ,1
757 M88 739 73H 320 73W,1
738 319 73H,1
CR7 CRA ERJ,1
CRJ ERJ CR7 DH4,1
E75 ERJ DH4 CRA E90,1
319 320 73G 739,1
320 319 73G 739,1
ERJ CR7 E75 E70 CRJ,1
739 320 73G,1
73G 320 739 738,1
E75 EMJ ERJ E70,1
737 ERJ E70 EMJ E75,1
321 320 332 319,1
321 320 319 77W,1
332 321 320 319,1
320 321 319 77W,1
788 321 77W 319,1
788 320,1
CR7 319 320,1
788 321 320,1
738 ER4,1
738 ERD ER4,1
763 T20,1
T20 763,1
735 734 763,1
AT7 E95 E90,1
319 ERD ER4,1
E75 CR9 CR7 E70 CRJ,1
320 734 319 321 E90,1
319 734 320 321,1
762 E90 319 320 332 752 321 734,1
319 320 ,1
321 762 752 319,1
734 319 321 320,1
M80 321 319 M83 320 734 752,1
CR7 319 CRJ,1
319 734 321 752 320 E90,1
DH3 CR9 CR7 CRJ DH8,1
E90 321 752 319 734 320,1
757 330 763,1
M90 757 320 M88,1
M90 757 738 M88 320 319,1
321 738 M80 319 320 M83,1
738 320 319 M83 M80 E90 752,1
319 332,1
321 319 77W 788,1
320 788,1
321 788 320,1
736 330 738,1
767 736,1
736 ATR 738 767,1
ATR 736,1
738 ATR 767 736,1
736 330,1
ATR 736 738 767,1
ER4 M80 M83,1
321 319 M80 M83 320 734 752,1
319 CRJ 320,1
ER4 320 319,1
M80 M83 ER4,1
738 320 E90,1
320 738 321 752,1
777 763 757,1
763 757 330,1
ERD 738 ER4,1
321 762 752 320 332,1
321 752 762 319,1
DH3 CRJ CR7,1
333 77W 788 332 77L,1
330 321 320 343 332,1
321 734 319 320,1
CRJ DH8 DH3,1
M83 M80 757 738,1
ERD M80 M83 319,1
DH8 CR9 CRJ,1
DH8 CRJ E70,1
330 736 738,1
ATR 736 738,1
738 ATR 736,1
CRJ CR9 CR7,1
772 777,1
CRJ 717 CR7 CR9,1
M90 717 M88,1
73H 753 757,1
738 321 752 320,1
762 321 752 320 332,1
M83 319 320 738 M80 E90 752,1
CRJ 319 E90,1
752 321 E90 734 762 332 319 320,1
DH8 E75 CRJ,1
M88 320 M90 319,1
73H 773 320,1
73H 772 773 320 763,1
332 738 333,1
734 321 319 320,1
CRJ E75 DH8,1
752 762 320,1
M80 ERD M83 319,1
320 738 E90,1
CRJ E70 DH8 E75,1
321 320 734 319 E90,1
319 734 321 320,1
M83 319 738 321 M80 320,1
752 320 319,1
762 752 320,1
DH8 CRJ E70 E75,1
M88 M90 757 320 73H,1
752 M88 M90 739,1
32A AT5 320,1
M88 CR9 717,1
M90 320 738 73H,1
319 CRK 321,1
319 321 CRK 320,1
CRK 319,1
77W 788 388,1
320 318 321 319,1
E90 73W 73H,1
717 CR9 319,1
320 319 318 32A 321,1
320 757 M88,1
CR7 320 CR9,1
ATR 320 319,1
757 319 320 M90 M88 717,1
757 753 738,1
M88 320 319 CR7,1
M90 757 320 738 M88 319,1
319 320 M88 738 73H 717,1
AT7 752,1
AT7 752 738,1
AT7 738 752,1
321 330 777 332,1
321 777 330 332,1
321 332 330,1
73H 332,1
320 73H 773,1
AT7 E90 73H 73W,1
73W 73H E90,1
73H 773 772 320 763,1
343 738 333,1
319 32A 318 321 320,1
321 319 CRK,1
320 318 319 32A,1
CR7 717 CR9 CRJ,1
M90 M88 320 739,1
76W 757 739,1
346 744 333,1
333 764,1
333 346 744,1
320 M88 319 CR7,1
717 73W M88 319,1
764 333,1
717 M90 757 M88,1
M88 739 320 738 M90,1
73H 757 739 738,1
320 319 717,1
321 320 318 32A 319,1
763 E90,1
763 757 76W,1
739 738 757,1
319 738 752,1
DH3 DH1 DH2,1
CRJ CNA,1
320 319 CRJ,1
738 CR9 73G,1
DHT ATR,1
CR7 CR9 M88,1
M90 717 M88 319,1
CRJ M88 717,1
32A 319 320 321,1
738 343 333,1
M88 CR7 319 717 CRJ,1
717 M88 319 320,1
AT5 32A 320,1
M88 73H 320 738 739,1
738 M90 M88,1
735 73C 73W,1
738 73W 73C 733,1
733 73W 735,1
738 73C 73W 733 73H,1
733 73H 73W 73C,1
735 73W 733 73C,1
73W  733 73C,1
 73W 733 73C,1
735 733 73W 73C,1
73W 73C 733 735,1
BE1 DHT,1
M88 319 738 73H 717 320,1
M88 73W 319,1
AT7 CRK,1
318 319 320 321,1
73H 73W 733,1
73W 73C  735,1
73C 73W 735 733,1
73W 733 735 73C,1
73W 73C 738 73H,1
73H 733 73W,1
733 73W 73C 738 73H,1
733 73H 73W 73C 738,1
73C 73W 738,1
717 M88 CR7 CRJ,1
763 332 330,1
321 320 32B E90 319,1
320 321 318 32A 319,1
318 320 319 321,1
318 320 319 32A 321,1
E90 321 320 32B 319,1
73H 73C 733 73W,1
733 73C 73H 73W,1
73W 735 733,1
73C 73W 733 735,1
735 733 73C 73W,1
733 73W 73H 73C 738,1
733 73H 73C 73W,1
320 M88 73W 717 319,1
77W 744 772 74Y,1
M88 CRJ 319 717,1
CR7 CRJ 319 CR9,1
M90 757 320 738 319,1
73W 738 73H 733,1
73W 733 73C 738,1
73C 73W 738 733,1
738 73W 73C 73H,1
73C 73H 73W 733,1
73W 733 738 73C 73H,1
738 73W 735 73C 733 73H,1
738 73C 73W 73H,1
73C 738 73W 73H,1
73C 735 73W,1
73W 73H 73C 733 738,1
73H 733 73W 73C,1
77W 388 772,1
388 788 77W,1
318 320 321 319,1
32A 319 318 321 320,1
CR9 717 CR7,1
73W CR7,1
M90 757 738,1
M88 M90 320,1
319 32A 320 321,1
CRJ M88 319 717,1
M88 M90 73W 717,1
CR9 CRJ CR7,1
73W 73C 738 733 73H,1
73W 73H 73C 738 733,1
73W 735 73C ,1
73W 73C ,1
733 73W 73C 735,1
735 73W 733,1
73H 73W ,1
73C 733 73W 73H,1
320 747,1
330 747 777 737,1
DH1 BEC,1
BEH DH1,1
736 73W DH4,1
DH4 73W 736,1
738 73W 73H 73C,1
73W 73H 738 73C,1
CRJ CR7 717 CR9,1
757 763 320,1
320 M90 757 73H M88,1
320 M90 757,1
320 73W CR9,1
CR9 717 CR7 319 CRJ,1
319 717 320,1
CR9 M88 CRJ 717,1
333 773 744 343 772,1
333 73H 772 773 332,1
767 788 777,1
777 73H 773 767,1
73H 773,1
E90 319 733 E75,1
320 321 788 332,1
320 321 788,1
CR2 319 CR9,1
333 744 772,1
767 777 73H 773,1
777 747 737 330,1
320 CR2 735,1
735 320 CR2,1
CR2 735,1
F50 M80,1
